{
  "complexes": [
    {
      "id": "C001",
      "name": "Финансы",
      "color": "#1B7177",
      "position": { "x": 80, "y": 70, "z": 60 },
      "radius": 10
    },
    {
      "id": "C002",
      "name": "Контрольная деятельность",
      "color": "#ff0000",
      "position": { "x": -40, "y": -80, "z": -100 },
      "radius": 25
    },
    {
      "id": "C003",
      "name": "Аппарат",
      "color": "#F8C471",
      "position": { "x": 0, "y": 100, "z": -150 },
      "radius": 50
    },
    {
      "id": "C004",
      "name": "Городское хозяйство",
      "color": "#BB8FCE",
      "position": { "x": -100, "y": -30, "z": 0 },
      "radius": 20
    },
    {
      "id": "C005",
      "name": "Безопасность",
      "color": "#5DADE2",
      "position": { "x": -80, "y": 60, "z": -40 },
      "radius": 25
    },
    {
      "id": "C006",
      "name": "Экономика",
      "color": "#F1948A",
      "position": { "x": 80, "y": 60, "z": -50 },
      "radius": 20
    },
    {
      "id": "C007",
      "name": "Социальное развитие",
      "color": "#F5B041",
      "position": { "x": 40, "y": -40, "z": 0 },
      "radius": 30
    },
    {
      "id": "C008",
      "name": "Строительство",
      "color": "#52BE80",
      "position": { "x": 100, "y": 0, "z": 20 },
      "radius": 25
    },
    {
      "id": "C009",
      "name": "Транспорт и промышленность",
      "color": "#48C9B0",
      "position": { "x": 0, "y": 0, "z": -20 },
      "radius": 15
    }
  ],
  "oiv": [
    {
      "id": "OIV001",
      "name": "Департамент финансов города Москвы",
      "complex": "C001",
      "position": { "x": 80, "y": 65, "z": 60 },
      "strategies": ["strategy1"],
      "programs": ["program1"],
      "projects": ["project1"]
    },
    {
      "id": "OIV002",
      "name": "Главное контрольное управление города Москвы",
      "complex": "C002",
      "position": { "x": -35, "y": -95, "z": -90 },
      "strategies": ["strategy3"],
      "programs": ["program2"],
      "projects": ["project2"]
    },
    {
      "id": "OIV003",
      "name": "Объединение административно-технических инспекций города Москвы",
      "complex": "C002",
      "position": { "x": -50, "y": -75, "z": -110 },
      "strategies": ["strategy3"],
      "programs": ["program2"],
      "projects": ["project2"]
    },
			  {
				"id": "OIV004",
				"name": "Департамент природопользования и охраны окружающей среды города Москвы",
				"complex": "C002",
				"position": {
				  "x": -25,
				  "y": -80,
				  "z": -95
				},
				"strategies": [],
				"programs": [],
				"projects": []
			  },
			  {
				"id": "OIV005",
				"name": "Комитет государственного строительного надзора города Москвы",
				"complex": "C002",
				"position": {
				  "x": -40,
				  "y": -70,
				  "z": -95
				},
				"strategies": [],
				"programs": [],
				"projects": []
			  },
			  {
				"id": "OIV006",
				"name": "Государственная инспекция по контролю за использованием объектов недвижимости города Москвы",
				"complex": "C002",
				"position": {
				  "x": -40,
				  "y": -90,
				  "z": -105
				},
				"strategies": [],
				"programs": [],
				"projects": []
			  },
			  {
				"id": "OIV007",
				"name": "Департамент торговли и услуг города Москвы",
				"complex": "C003",
				"position": {
				  "x": -20,
				  "y": 105,
				  "z": -120
				},
				"strategies": [],
				"programs": [],
				"projects": []
			  },
			  {
				"id": "OIV008",
				"name": "Департамент информационных технологий города Москвы",
				"complex": "C003",
				"position": {
				  "x": 0,
				  "y": 67,
				  "z": -150
				},
				"strategies": [],
				"programs": [],
				"projects": []
			  },
			  {
				"id": "OIV009",
				"name": "Департамент культуры города Москвы",
				"complex": "C003",
				"position": {
				  "x": 20,
				  "y": 80,
				  "z": -120
				},
				"strategies": [],
				"programs": [],
				"projects": []
			  },
			  {
				"id": "OIV010",
				"name": "Департамент территориальных органов исполнительной власти города Москвы",
				"complex": "C003",
				"position": {
				  "x": 20,
				  "y": 73,
				  "z": -170
				},
				"strategies": [],
				"programs": [],
				"projects": []
			  },
			  {
				"id": "OIV011",
				"name": "Департамент предпринимательства и инновационного развития города Москвы",
				"complex": "C003",
				"position": {
				  "x": 0,
				  "y": 120,
				  "z": -150
				},
				"strategies": [],
				"programs": [],
				"projects": []
			  },
			  {
				"id": "OIV012",
				"name": "Департамент культурного наследия города Москвы",
				"complex": "C003",
				"position": {
				  "x": -5,
				  "y": 95,
				  "z": -170
				},
				"strategies": [],
				"programs": [],
				"projects": []
			  },
			  {
				"id": "OIV013",
				"name": "Комитет по туризму города Москвы",
				"complex": "C003",
				"position": {
				  "x": 0,
				  "y": 140,
				  "z": -160
				},
				"strategies": [],
				"programs": [],
				"projects": []
			  },
			  {
				"id": "OIV014",
				"name": "Комитет общественных связей и молодежной политики города Москвы",
				"complex": "C003",
				"position": {
				  "x": 20,
				  "y": 125,
				  "z": -170
				},
				"strategies": [],
				"programs": [],
				"projects": []
			  },
			  {
				"id": "OIV015",
				"name": "Управление делами Мэра и Правительства Москвы",
				"complex": "C003",
				"position": {
				  "x": -20,
				  "y": 90,
				  "z": -180
				},
				"strategies": [],
				"programs": [],
				"projects": []
			  },
			  {
				"id": "OIV016",
				"name": "Департамент по делам гражданской обороны, чрезвычайным ситуациям и пожарной безопасности города Москвы",
				"complex": "C004",
				"position": {
				  "x": -100,
				  "y": -20,
				  "z": 10
				},
				"strategies": [],
				"programs": [],
				"projects": []
			  },
			  {
				"id": "OIV017",
				"name": "Департамент капитального ремонта города Москвы",
				"complex": "C004",
				"position": {
				  "x": -95,
				  "y": -30,
				  "z": -10
				},
				"strategies": [],
				"programs": [],
				"projects": []
			  },
			  {
				"id": "OIV018",
				"name": "Государственная жилищная инспекция города Москвы",
				"complex": "C004",
				"position": {
				  "x": -110,
				  "y": -30,
				  "z": 10
				},
				"strategies": [],
				"programs": [],
				"projects": []
			  },
			  {
				"id": "OIV019",
				"name": "Департамент жилищно-коммунального хозяйства города Москвы",
				"complex": "C004",
				"position": {
				  "x": -100,
				  "y": -40,
				  "z": -10
				},
				"strategies": [],
				"programs": [],
				"projects": []
			  },
			  {
				"id": "OIV020",
				"name": "Департамент региональной безопасности и противодействия коррупции города Москвы",
				"complex": "C005",
				"position": {
				  "x": -70,
				  "y": 50,
				  "z": -35
				},
				"strategies": [],
				"programs": [],
				"projects": []
			  },
			  {
				"id": "OIV021",
				"name": "Департамент внешнеэкономических и международных связей города Москвы",
				"complex": "C005",
				"position": {
				  "x": -80,
				  "y": 75,
				  "z": -30
				},
				"strategies": [],
				"programs": [],
				"projects": []
			  },
			  {
				"id": "OIV022",
				"name": "Департамент спорта города Москвы",
				"complex": "C005",
				"position": {
				  "x": -70,
				  "y": 70,
				  "z": -40
				},
				"strategies": [],
				"programs": [],
				"projects": []
			  },
			  {
				"id": "OIV023",
				"name": "Департамент национальной политики и межрегиональных связей города Москвы",
				"complex": "C005",
				"position": {
				  "x": -85,
				  "y": 65,
				  "z": -45
				},
				"strategies": [],
				"programs": [],
				"projects": []
			  },
			  {
				"id": "OIV024",
				"name": "Департамент средств массовой информации и рекламы города Москвы",
				"complex": "C005",
				"position": {
				  "x": -95,
				  "y": 60,
				  "z": -45
				},
				"strategies": [],
				"programs": [],
				"projects": []
			  },
			  {
				"id": "OIV025",
				"name": "Департамент по обеспечению деятельности мировых судей города Москвы",
				"complex": "C005",
				"position": {
				  "x": -90,
				  "y": 45,
				  "z": -35
				},
				"strategies": [],
				"programs": [],
				"projects": []
			  },
			  {
				"id": "OIV026",
				"name": "Департамент экономической политики и развития города Москвы",
				"complex": "C006",
				"position": {
				  "x": 75,
				  "y": 60,
				  "z": -60
				},
				"strategies": [],
				"programs": [],
				"projects": []
			  },
			  {
				"id": "OIV027",
				"name": "Департамент города Москвы по конкурентной политике",
				"complex": "C006",
				"position": {
				  "x": 85,
				  "y": 62,
				  "z": -40
				},
				"strategies": [],
				"programs": [],
				"projects": []
			  },
			  {
				"id": "OIV028",
				"name": "Департамент образования и науки города Москвы",
				"complex": "C007",
				"position": {
				  "x": 40,
				  "y": -25,
				  "z": 0
				},
				"strategies": [],
				"programs": [],
				"projects": []
			  },
			  {
				"id": "OIV029",
				"name": "Департамент труда и социальной защиты населения города Москвы",
				"complex": "C007",
				"position": {
				  "x": 20,
				  "y": -40,
				  "z": -10
				},
				"strategies": [],
				"programs": [],
				"projects": []
			  },
			  {
				"id": "OIV030",
				"name": "Департамент здравоохранения города Москвы",
				"complex": "C007",
				"position": {
				  "x": 60,
				  "y": -45,
				  "z": 10
				},
				"strategies": [],
				"programs": [],
				"projects": []
			  },
			  {
				"id": "OIV031",
				"name": "Комитет государственных услуг города Москвы",
				"complex": "C007",
				"position": {
				  "x": 40,
				  "y": -40,
				  "z": 0
				},
				"strategies": [],
				"programs": [],
				"projects": []
			  },
			  {
				"id": "OIV032",
				"name": "Комитет ветеринарии города Москвы",
				"complex": "C007",
				"position": {
				  "x": 40,
				  "y": -60,
				  "z": 0
				},
				"strategies": [],
				"programs": [],
				"projects": []
			  },
			  {
				"id": "OIV033",
				"name": "Управление записи актов гражданского состояния города Москвы",
				"complex": "C007",
				"position": {
				  "x": 55,
				  "y": -30,
				  "z": 0
				},
				"strategies": [],
				"programs": [],
				"projects": []
			  },
			  {
				"id": "OIV034",
				"name": "Главное архивное управление города Москвы",
				"complex": "C007",
				"position": {
				  "x": 25,
				  "y": -55,
				  "z": 5
				},
				"strategies": [],
				"programs": [],
				"projects": []
			  },
			  {
				"id": "OIV035",
				"name": "Государственная инспекция города Москвы по качеству сельскохозяйственной продукции, сырья и продовольствия",
				"complex": "C007",
				"position": {
				  "x": 50,
				  "y": -55,
				  "z": -15
				},
				"strategies": [],
				"programs": [],
				"projects": []
			  },
			  {
				"id": "OIV036",
				"name": "Департамент гражданского строительства города Москвы",
				"complex": "C008",
				"position": {
				  "x": 90,
				  "y": 0,
				  "z": 20
				},
				"strategies": [],
				"programs": [],
				"projects": []
			  },
			  {
				"id": "OIV037",
				"name": "Департамент градостроительной политики города Москвы",
				"complex": "C008",
				"position": {
				  "x": 110,
				  "y": 0,
				  "z": 20
				},
				"strategies": [],
				"programs": [],
				"projects": []
			  },
			  {
				"id": "OIV038",
				"name": "Комитет по архитектуре и градостроительству города Москвы",
				"complex": "C008",
				"position": {
				  "x": 90,
				  "y": -10,
				  "z": 10
				},
				"strategies": [],
				"programs": [],
				"projects": []
			  },
			  {
				"id": "OIV039",
				"name": "Департамент городского имущества города Москвы",
				"complex": "C008",
				"position": {
				  "x": 100,
				  "y": -10,
				  "z": 30
				},
				"strategies": [],
				"programs": [],
				"projects": []
			  },
			  {
				"id": "OIV040",
				"name": "Комитет города Москвы по ценовой политике в строительстве и государственной экспертизе проектов",
				"complex": "C008",
				"position": {
				  "x": 100,
				  "y": 15,
				  "z": 15
				},
				"strategies": [],
				"programs": [],
				"projects": []
			  },
			  {
				"id": "OIV041",
				"name": "Департамент строительства транспортной и инженерной инфраструктуры города Москвы",
				"complex": "C008",
				"position": {
				  "x": 110,
				  "y": 10,
				  "z": 25
				},
				"strategies": [],
				"programs": [],
				"projects": []
			  },
			  {
				"id": "OIV042",
				"name": "Департамент транспорта и развития дорожно-транспортной инфраструктуры города Москвы",
				"complex": "C009",
				"position": {
				  "x": -5,
				  "y": 0,
				  "z": -25
				},
				"strategies": [],
				"programs": [],
				"projects": []
			  },
			  {
				"id": "OIV043",
				"name": "Департамент инвестиционной и промышленной политики города Москвы",
				"complex": "C009",
				"position": {
				  "x": -5,
				  "y": -5,
				  "z": -15
				},
				"strategies": [],
				"programs": [],
				"projects": []
			  },
			  {
				"id": "OIV044",
				"name": "Московская административная дорожная инспекция",
				"complex": "C009",
				"position": {
				  "x": 5,
				  "y": 5,
				  "z": -15
				},
				"strategies": [],
				"programs": [],
				"projects": []
			  }	
  ],
  "edges": [
				{ "source": "OIV041", "target": "OIV042", "label": "Совместное планирование и реализация проектов транспортно-пересадочных узлов и наземного пассажирского транспорта", "theme": "Транспорт" },
				{ "source": "OIV041", "target": "OIV008", "label": "Внедрение BIM-технологий и цифровых платформ для управления проектами", "theme": "Строительство" },
				{ "source": "OIV041", "target": "OIV015", "label": "Координация стратегических городских программ и организация профильных мероприятий по развитию транспортной и инженерной инфраструктуры", "theme": "Массовые мероприятия" },
				{ "source": "OIV041", "target": "OIV009", "label": "Согласование проектов, затрагивающих объекты культурного наследия в рамках строительства и реконструкции объектов инфраструктуры", "theme": "Культура" },
				{ "source": "OIV041", "target": "OIV012", "label": "Согласование проектов, затрагивающих объекты культурного наследия в рамках строительства и реконструкции объектов инфраструктуры", "theme": "Культура" },
				{ "source": "OIV041", "target": "OIV002", "label": "Мониторинг реализации проектов, контроль за использованием бюджетных средств и соблюдением нормативов в сфере транспортной и инженерной инфраструктуры", "theme": "Контрольная деятельность" },
				{ "source": "OIV039", "target": "OIV037", "label": "Координация управления и распоряжения городским имуществом для реализации градостроительных проектов и развития территорий", "theme": "Экономика и финансы" },
				{ "source": "OIV039", "target": "OIV036", "label": "Обеспечение имущественных ресурсов для строительства, контроль сохранности имущества в процессе строительства и эксплуатации", "theme": "Экономика и финансы" },
				{ "source": "OIV039", "target": "OIV041", "label": "Координация передачи и использования имущества для развития транспортной и инженерной инфраструктуры, совместное решение вопросов капитального ремонта", "theme": "Транспорт" },
				{ "source": "OIV039", "target": "OIV038", "label": "Согласование вопросов сохранения и использования объектов культурного наследия в городской собственности", "theme": "Культура" },
				{ "source": "OIV039", "target": "OIV017", "label": "Совместное планирование и контроль капитального ремонта объектов городского имущества", "theme": "Капитальный ремонт" },
				{ "source": "OIV039", "target": "OIV019", "label": "Координация управления жилым фондом и коммунальными объектами, находящимися в собственности города", "theme": "Экономика и финансы" },
				{ "source": "OIV039", "target": "OIV001", "label": "Взаимодействие по финансовому обеспечению управления имуществом, включая аренду, продажу и оценку объектов", "theme": "Экономика и финансы" },
				{ "source": "OIV039", "target": "OIV002", "label": "Контроль и аудит деятельности по управлению городским имуществом и соблюдению законодательства", "theme": "Контрольная деятельность" },
				{ "source": "OIV039", "target": "OIV008", "label": "Внедрение и поддержка информационных систем для учёта и мониторинга городского имущества", "theme": "Экономика и финансы" },
				{ "source": "OIV038", "target": "OIV037", "label": "Координация градостроительной политики, совместная разработка и согласование проектов и градостроительных норм", "theme": "Строительство" },
				{ "source": "OIV038", "target": "OIV041", "label": "Взаимодействие по вопросам комплексного развития транспортной и инженерной инфраструктуры в рамках градостроительных проектов", "theme": "Транспорт" },
				{ "source": "OIV038", "target": "OIV040", "label": "Взаимодействие по вопросам государственной экспертизы и ценообразования в строительстве", "theme": "Экономика и финансы" },
				{ "source": "OIV038", "target": "OIV008", "label": "Внедрение и поддержка информационных систем для ведения архитектурно-градостроительной документации и мониторинга проектов", "theme": "Строительство" },
				{ "source": "OIV038", "target": "OIV001", "label": "Взаимодействие по вопросам финансирования градостроительных программ и проектов", "theme": "Экономика и финансы" },
				{ "source": "OIV038", "target": "OIV017", "label": "Согласование вопросов ремонта и благоустройства в рамках градостроительных проектов", "theme": "Благоустройство" },
				{ "source": "OIV040", "target": "OIV037", "label": "Взаимодействие по вопросам государственной экспертизы проектной документации и ценообразования в строительстве, обеспечение соответствия проектных смет нормативам и стандартам города", "theme": "Экономика и финансы" },
				{ "source": "OIV040", "target": "OIV041", "label": "Экспертиза и контроль сметной стоимости проектов нового строительства, реконструкции и капитального ремонта объектов транспортной и инженерной инфраструктуры", "theme": "Экономика и финансы" },
				{ "source": "OIV040", "target": "OIV036", "label": "Проведение экспертизы проектно-сметной документации на объекты гражданского строительства, контроль за соблюдением сметных нормативов", "theme": "Экономика и финансы" },
				{ "source": "OIV040", "target": "OIV017", "label": "Контроль и экспертиза сметной стоимости капитального ремонта объектов в городе Москве", "theme": "Экономика и финансы" },
				{ "source": "OIV040", "target": "OIV001", "label": "Обеспечение финансирования деятельности Комитета, координация бюджетных расходов на экспертизу и ценообразование в строительстве", "theme": "Экономика и финансы" },
				{ "source": "OIV040", "target": "OIV008", "label": "Внедрение и сопровождение информационных систем для учета и анализа сметной документации и результатов экспертизы", "theme": "Экономика и финансы" },
				{ "source": "OIV040", "target": "OIV038", "label": "Взаимодействие при согласовании проектной документации с учетом результатов экспертизы и ценообразования", "theme": "Экономика и финансы" },
				{ "source": "OIV040", "target": "OIV004", "label": "Согласование смет и проектов с учетом экологических требований и норм", "theme": "Экономика и финансы" },
				{ "source": "OIV042", "target": "OIV043", "label": "Взаимодействие по вопросам реализации инвестиционных проектов, связанных с развитием транспортной инфраструктуры и промышленности в городе", "theme": "Транспорт" },
				{ "source": "OIV042", "target": "OIV044", "label": "Координация контроля за соблюдением правил дорожного движения и техническим состоянием дорожной сети", "theme": "Транспорт" },
				{ "source": "OIV042", "target": "OIV001", "label": "Взаимодействие по вопросам финансового обеспечения транспортных проектов и программ", "theme": "Экономика и финансы" },
				{ "source": "OIV042", "target": "OIV008", "label": "Внедрение и сопровождение информационных систем для управления транспортной инфраструктурой", "theme": "Транспорт" }
  ],
  "themes": [
    { "id": "Экономика и финансы", "color": "#E57373" },
    { "id": "Контрольная деятельность", "color": "#F8C471" },
    { "id": "Строительство", "color": "#4FC3F7" },
    { "id": "Капитальный ремонт", "color": "#B3E5FC" },
    { "id": "Транспорт", "color": "#81C784" },
    { "id": "Образование", "color": "#BA68C8" },
    { "id": "IT-поддержка", "color": "#FFB74D" },
    { "id": "Массовые мероприятия", "color": "#7FB3D5" },
    { "id": "Культура", "color": "#82E0AA" },
    { "id": "Благоустройство", "color": "#D2B4DE" },
    { "id": "Социальная политика", "color": "#D2B4DE" },
    { "id": "Здравоохранение", "color": "#76D7C4" },
    { "id": "Миграция и демография", "color": "#4FC3F7" }
  ],
  "strategies": [
    { "id": "strategy1", "name": "Стратегия развития строительной отрасли", "color": "#7FB3D5" },
    { "id": "strategy2", "name": "Стратегия транспортного развития", "color": "#82E0AA" },
    { "id": "strategy3", "name": "Стратегия управления имуществом", "color": "#F8C471" }
  ],
  "programs": [
    { "id": "program1", "name": "Госпрограмма развития городов", "color": "#7FB3D5" },
    { "id": "program2", "name": "Госпрограмма жилищного строительства", "color": "#82E0AA" }
  ],
  "projects": [
    { "id": "project1", "name": "Проект реконструкции центра", "color": "#7FB3D5" },
    { "id": "project2", "name": "Проект новых жилых районов", "color": "#82E0AA" }
  ]
}