[
  {
    "id": 1,
    "indicator_id": "Indicator00001",
    "indicator_name": "Количество введенных объектов пожарных депо (нарастающим итогом)",
    "AI_indicator_id": null,
    "oiv_id": "OIV016",
    "strategy_id": "str016",
    "program_id": "prog016",
    "object_id": null,
    "theme": "Безопасность и ЧС",
    "theme_weight": 5,
    "info_type": 1
  },
  {
    "id": 2,
    "indicator_id": "Indicator00002",
    "indicator_name": "Среднее время прибытия оперативных служб \"Старая Москва\"",
    "AI_indicator_id": "Indicator00016",
    "oiv_id": "OIV016",
    "strategy_id": "str016",
    "program_id": "prog016",
    "object_id": null,
    "theme": "Безопасность и ЧС",
    "theme_weight": 5,
    "info_type": 1
  },
  {
    "id": 3,
    "indicator_id": "Indicator00003",
    "indicator_name": "Среднее время прибытия оперативных служб \"Новая Москва\"",
    "AI_indicator_id": "Indicator00016",
    "oiv_id": "OIV016",
    "strategy_id": "str016",
    "program_id": "prog016",
    "object_id": null,
    "theme": "Безопасность и ЧС",
    "theme_weight": 5,
    "info_type": 1
  },
  {
    "id": 4,
    "indicator_id": "Indicator00004",
    "indicator_name": "Показатель оснащенности основной и специальной пожарно-спасательной техникой ",
    "AI_indicator_id": "Indicator00011",
    "oiv_id": "OIV016",
    "strategy_id": "str016",
    "program_id": "prog016",
    "object_id": null,
    "theme": "Безопасность и ЧС",
    "theme_weight": 5,
    "info_type": 1
  },
  {
    "id": 5,
    "indicator_id": "Indicator00005",
    "indicator_name": "Количество пожаров",
    "AI_indicator_id": "Indicator00015",
    "oiv_id": "OIV016",
    "strategy_id": "str016",
    "program_id": "prog016",
    "object_id": null,
    "theme": "Безопасность и ЧС",
    "theme_weight": 5,
    "info_type": 1
  },
  {
    "id": 6,
    "indicator_id": "Indicator00006",
    "indicator_name": "Обеспеченность населения средствами индивидуальной защиты",
    "AI_indicator_id": "Indicator00013",
    "oiv_id": "OIV016",
    "strategy_id": "str016",
    "program_id": "prog016",
    "object_id": null,
    "theme": "Безопасность и ЧС",
    "theme_weight": 5,
    "info_type": 1
  },
  {
    "id": 7,
    "indicator_id": "Indicator00007",
    "indicator_name": "Количество средств индивидальной защиты",
    "AI_indicator_id": "Indicator00012",
    "oiv_id": "OIV016",
    "strategy_id": "str016",
    "program_id": "prog016",
    "object_id": null,
    "theme": "Безопасность и ЧС",
    "theme_weight": 5,
    "info_type": 1
  },
  {
    "id": 8,
    "indicator_id": "Indicator00008",
    "indicator_name": "Освежение средств индивидуальной защиты",
    "AI_indicator_id": "Indicator00012",
    "oiv_id": "OIV016",
    "strategy_id": "str016",
    "program_id": "prog016",
    "object_id": null,
    "theme": "Безопасность и ЧС",
    "theme_weight": 5,
    "info_type": 1
  },
  {
    "id": 9,
    "indicator_id": "Indicator00009",
    "indicator_name": "Количество населённых пунктов, оснащённых системами оповещения",
    "AI_indicator_id": null,
    "oiv_id": "OIV016",
    "strategy_id": null,
    "program_id": null,
    "object_id": "Obj00011",
    "theme": "Безопасность и ЧС",
    "theme_weight": 4,
    "info_type": 2
  },
  {
    "id": 10,
    "indicator_id": "Indicator00010",
    "indicator_name": "Количество защитно-эвакуационных мероприятий, проведённых в городах и районах",
    "AI_indicator_id": null,
    "oiv_id": "OIV016",
    "strategy_id": null,
    "program_id": null,
    "object_id": "Obj00012",
    "theme": "Безопасность и ЧС",
    "theme_weight": 3,
    "info_type": 2
  },
  {
    "id": 11,
    "indicator_id": "Indicator00011",
    "indicator_name": "Оценка готовности подразделений к действиям в чрезвычайных ситуациях",
    "AI_indicator_id": null,
    "oiv_id": "OIV016",
    "strategy_id": null,
    "program_id": null,
    "object_id": "Obj00013",
    "theme": "Безопасность и ЧС",
    "theme_weight": 5,
    "info_type": 2
  },
  {
    "id": 12,
    "indicator_id": "Indicator00012",
    "indicator_name": "Количество подготовленных убежищ и укрытий",
    "AI_indicator_id": null,
    "oiv_id": "OIV016",
    "strategy_id": null,
    "program_id": null,
    "object_id": "Obj00014",
    "theme": "Безопасность и ЧС",
    "theme_weight": 5,
    "info_type": 2
  },
  {
    "id": 13,
    "indicator_id": "Indicator00010",
    "indicator_name": "Количество защитно-эвакуационных мероприятий, проведённых в городах и районах",
    "AI_indicator_id": null,
    "oiv_id": "OIV016",
    "strategy_id": null,
    "program_id": null,
    "object_id": "Obj00012",
    "theme": "Государственное управление",
    "theme_weight": 3,
    "info_type": 2
  },
  {
    "id": 14,
    "indicator_id": "Indicator00013",
    "indicator_name": "Степень укомплектованности складов предметами первой необходимости",
    "AI_indicator_id": null,
    "oiv_id": "OIV016",
    "strategy_id": null,
    "program_id": null,
    "object_id": "Obj00015",
    "theme": "Безопасность и ЧС",
    "theme_weight": 4,
    "info_type": 2
  },
  {
    "id": 15,
    "indicator_id": "Indicator00013",
    "indicator_name": "Степень укомплектованности складов предметами первой необходимости",
    "AI_indicator_id": null,
    "oiv_id": "OIV016",
    "strategy_id": null,
    "program_id": null,
    "object_id": "Obj00015",
    "theme": "Социальная защита и поддержка",
    "theme_weight": 2,
    "info_type": 2
  },
  {
    "id": 16,
    "indicator_id": "Indicator00014",
    "indicator_name": "Количество учений и тренировок по действиям в условиях военного конфликта",
    "AI_indicator_id": null,
    "oiv_id": "OIV016",
    "strategy_id": null,
    "program_id": null,
    "object_id": "Obj00016",
    "theme": "Безопасность и ЧС",
    "theme_weight": 4,
    "info_type": 2
  },
  {
    "id": 17,
    "indicator_id": "Indicator00015",
    "indicator_name": "Количество выявленных потенциальных очагов возгорания",
    "AI_indicator_id": null,
    "oiv_id": "OIV016",
    "strategy_id": null,
    "program_id": null,
    "object_id": "Obj00017",
    "theme": "Безопасность и ЧС",
    "theme_weight": 4,
    "info_type": 2
  },
  {
    "id": 18,
    "indicator_id": "Indicator00016",
    "indicator_name": "Время прибытия пожарных расчётов на место происшествия",
    "AI_indicator_id": null,
    "oiv_id": "OIV016",
    "strategy_id": null,
    "program_id": null,
    "object_id": "Obj00018",
    "theme": "Безопасность и ЧС",
    "theme_weight": 5,
    "info_type": 2
  },
  {
    "id": 19,
    "indicator_id": "Indicator00017",
    "indicator_name": "Число предотвращённых возгораний благодаря профилактическим мерам",
    "AI_indicator_id": null,
    "oiv_id": "OIV016",
    "strategy_id": null,
    "program_id": null,
    "object_id": "Obj00019",
    "theme": "Безопасность и ЧС",
    "theme_weight": 5,
    "info_type": 2
  },
  {
    "id": 20,
    "indicator_id": "Indicator00014",
    "indicator_name": "Количество учений и тренировок по действиям в условиях военного конфликта",
    "AI_indicator_id": null,
    "oiv_id": "OIV016",
    "strategy_id": null,
    "program_id": null,
    "object_id": "Obj00016",
    "theme": "Образование и наука",
    "theme_weight": 3,
    "info_type": 2
  },
  {
    "id": 21,
    "indicator_id": "Indicator00018",
    "indicator_name": "Количество огнестойких сооружений и зданий",
    "AI_indicator_id": null,
    "oiv_id": "OIV016",
    "strategy_id": null,
    "program_id": null,
    "object_id": "Obj00020",
    "theme": "Безопасность и ЧС",
    "theme_weight": 4,
    "info_type": 2
  },
  {
    "id": 22,
    "indicator_id": "Indicator00019",
    "indicator_name": "Наличие сертифицированной техники и оборудования для борьбы с огнём",
    "AI_indicator_id": null,
    "oiv_id": "OIV016",
    "strategy_id": null,
    "program_id": null,
    "object_id": "Obj00021",
    "theme": "Безопасность и ЧС",
    "theme_weight": 5,
    "info_type": 2
  },
  {
    "id": 23,
    "indicator_id": "Indicator00020",
    "indicator_name": "Количественная оценка потерь от пожаров",
    "AI_indicator_id": null,
    "oiv_id": "OIV016",
    "strategy_id": null,
    "program_id": null,
    "object_id": "Obj00022",
    "theme": "Безопасность и ЧС",
    "theme_weight": 4,
    "info_type": 2
  },
  {
    "id": 24,
    "indicator_id": "Indicator00021",
    "indicator_name": "Количество спасённых людей на водных объектах",
    "AI_indicator_id": null,
    "oiv_id": "OIV016",
    "strategy_id": null,
    "program_id": null,
    "object_id": "Obj00023",
    "theme": "Безопасность и ЧС",
    "theme_weight": 5,
    "info_type": 2
  },
  {
    "id": 25,
    "indicator_id": "Indicator00022",
    "indicator_name": "Частота проверок и патрулирования береговых зон",
    "AI_indicator_id": null,
    "oiv_id": "OIV016",
    "strategy_id": null,
    "program_id": null,
    "object_id": "Obj00024",
    "theme": "Безопасность и ЧС",
    "theme_weight": 4,
    "info_type": 2
  },
  {
    "id": 26,
    "indicator_id": "Indicator00023",
    "indicator_name": "Оснащенность прибрежных территорий спасательным оборудованием",
    "AI_indicator_id": null,
    "oiv_id": "OIV016",
    "strategy_id": null,
    "program_id": null,
    "object_id": "Obj00025",
    "theme": "Безопасность и ЧС",
    "theme_weight": 4,
    "info_type": 2
  },
  {
    "id": 27,
    "indicator_id": "Indicator00018",
    "indicator_name": "Количество огнестойких сооружений и зданий",
    "AI_indicator_id": null,
    "oiv_id": "OIV016",
    "strategy_id": null,
    "program_id": null,
    "object_id": "Obj00020",
    "theme": "Инфраструктура",
    "theme_weight": 3,
    "info_type": 2
  },
  {
    "id": 28,
    "indicator_id": "Indicator00024",
    "indicator_name": "Количество пострадавших в результате природных катастроф",
    "AI_indicator_id": null,
    "oiv_id": "OIV016",
    "strategy_id": null,
    "program_id": null,
    "object_id": "Obj00026",
    "theme": "Безопасность и ЧС",
    "theme_weight": 4,
    "info_type": 2
  },
  {
    "id": 29,
    "indicator_id": "Indicator00024",
    "indicator_name": "Количество пострадавших в результате природных катастроф",
    "AI_indicator_id": null,
    "oiv_id": "OIV016",
    "strategy_id": null,
    "program_id": null,
    "object_id": "Obj00026",
    "theme": "Социальная защита и поддержка",
    "theme_weight": 3,
    "info_type": 2
  },
  {
    "id": 30,
    "indicator_id": "Indicator00025",
    "indicator_name": "Эффективность мероприятий по восстановлению разрушенной инфраструктуры",
    "AI_indicator_id": null,
    "oiv_id": "OIV016",
    "strategy_id": null,
    "program_id": null,
    "object_id": "Obj00027",
    "theme": "Безопасность и ЧС",
    "theme_weight": 3,
    "info_type": 2
  },
  {
    "id": 31,
    "indicator_id": "Indicator00026",
    "indicator_name": "Размер ущерба от природных катастроф",
    "AI_indicator_id": null,
    "oiv_id": "OIV016",
    "strategy_id": null,
    "program_id": null,
    "object_id": "Obj00028",
    "theme": "Безопасность и ЧС",
    "theme_weight": 4,
    "info_type": 2
  },
  {
    "id": 32,
    "indicator_id": "Indicator00025",
    "indicator_name": "Эффективность мероприятий по восстановлению разрушенной инфраструктуры",
    "AI_indicator_id": null,
    "oiv_id": "OIV016",
    "strategy_id": null,
    "program_id": null,
    "object_id": "Obj00027",
    "theme": "Инфраструктура",
    "theme_weight": 4,
    "info_type": 2
  },
  {
    "id": 33,
    "indicator_id": "Indicator00027",
    "indicator_name": "Количество образовательных программ и курсов по безопасности",
    "AI_indicator_id": null,
    "oiv_id": "OIV016",
    "strategy_id": null,
    "program_id": null,
    "object_id": "Obj00029",
    "theme": "Образование и наука",
    "theme_weight": 3,
    "info_type": 2
  },
  {
    "id": 34,
    "indicator_id": "Indicator00027",
    "indicator_name": "Количество образовательных программ и курсов по безопасности",
    "AI_indicator_id": null,
    "oiv_id": "OIV016",
    "strategy_id": null,
    "program_id": null,
    "object_id": "Obj00029",
    "theme": "Безопасность и ЧС",
    "theme_weight": 4,
    "info_type": 2
  },
  {
    "id": 35,
    "indicator_id": "Indicator00028",
    "indicator_name": "Уровень осведомлённости среди населения относительно рисков и способов поведения в кризисных ситуациях",
    "AI_indicator_id": null,
    "oiv_id": "OIV016",
    "strategy_id": null,
    "program_id": null,
    "object_id": "Obj00030",
    "theme": "Взаимодействие с гражданами",
    "theme_weight": 3,
    "info_type": 2
  },
  {
    "id": 36,
    "indicator_id": "Indicator00028",
    "indicator_name": "Уровень осведомлённости среди населения относительно рисков и способов поведения в кризисных ситуациях",
    "AI_indicator_id": null,
    "oiv_id": "OIV016",
    "strategy_id": null,
    "program_id": null,
    "object_id": "Obj00030",
    "theme": "Безопасность и ЧС",
    "theme_weight": 3,
    "info_type": 2
  },
  {
    "id": 37,
    "indicator_id": "Indicator00029",
    "indicator_name": "Масштабность распространения инструкций и памяток по безопасности",
    "AI_indicator_id": null,
    "oiv_id": "OIV016",
    "strategy_id": null,
    "program_id": null,
    "object_id": "Obj00031",
    "theme": "Взаимодействие с гражданами",
    "theme_weight": 3,
    "info_type": 2
  },
  {
    "id": 38,
    "indicator_id": "Indicator00029",
    "indicator_name": "Масштабность распространения инструкций и памяток по безопасности",
    "AI_indicator_id": null,
    "oiv_id": "OIV016",
    "strategy_id": null,
    "program_id": null,
    "object_id": "Obj00031",
    "theme": "Безопасность и ЧС",
    "theme_weight": 4,
    "info_type": 2
  },
  {
    "id": 39,
    "indicator_id": "Indicator00030",
    "indicator_name": "Частота проведения разъяснительных бесед и тренингов",
    "AI_indicator_id": null,
    "oiv_id": "OIV016",
    "strategy_id": null,
    "program_id": null,
    "object_id": "Obj00032",
    "theme": "Взаимодействие с гражданами",
    "theme_weight": 4,
    "info_type": 2
  },
  {
    "id": 40,
    "indicator_id": "Indicator00030",
    "indicator_name": "Частота проведения разъяснительных бесед и тренингов",
    "AI_indicator_id": null,
    "oiv_id": "OIV016",
    "strategy_id": null,
    "program_id": null,
    "object_id": "Obj00032",
    "theme": "Государственное управление",
    "theme_weight": 3,
    "info_type": 2
  },
  {
    "id": 41,
    "indicator_id": "Indicator00031",
    "indicator_name": "Отзывчивость местных властей на сигналы опасности и тревоги",
    "AI_indicator_id": null,
    "oiv_id": "OIV016",
    "strategy_id": null,
    "program_id": null,
    "object_id": "Obj00033",
    "theme": "Государственное управление",
    "theme_weight": 3,
    "info_type": 2
  },
  {
    "id": 42,
    "indicator_id": "Indicator00031",
    "indicator_name": "Отзывчивость местных властей на сигналы опасности и тревоги",
    "AI_indicator_id": null,
    "oiv_id": "OIV016",
    "strategy_id": null,
    "program_id": null,
    "object_id": "Obj00033",
    "theme": "Безопасность и ЧС",
    "theme_weight": 3,
    "info_type": 2
  },
  {
    "id": 43,
    "indicator_id": "Indicator00032",
    "indicator_name": "Доверие населения к органам власти и службам спасения",
    "AI_indicator_id": null,
    "oiv_id": "OIV016",
    "strategy_id": null,
    "program_id": null,
    "object_id": "Obj00034",
    "theme": "Взаимодействие с гражданами",
    "theme_weight": 4,
    "info_type": 2
  },
  {
    "id": 44,
    "indicator_id": "Indicator00032",
    "indicator_name": "Доверие населения к органам власти и службам спасения",
    "AI_indicator_id": null,
    "oiv_id": "OIV016",
    "strategy_id": null,
    "program_id": null,
    "object_id": "Obj00034",
    "theme": "Государственное управление",
    "theme_weight": 3,
    "info_type": 2
  },
  {
    "id": 45,
    "indicator_id": "Indicator00033",
    "indicator_name": "Объем оригинального производства и распространения социально ориентированной телевизионной и радиопродукции",
    "AI_indicator_id": null,
    "oiv_id": "OIV024",
    "strategy_id": "str024",
    "program_id": "prog024",
    "object_id": "Obj00038",
    "theme": "СМИ и информационная политика",
    "theme_weight": 5,
    "info_type": 1
  },
  {
    "id": 46,
    "indicator_id": "Indicator00034",
    "indicator_name": "Объем оригинального производства и распространения социально ориентированной телепродукции телеканала \"ТВ Центр\"",
    "AI_indicator_id": null,
    "oiv_id": "OIV024",
    "strategy_id": "str024",
    "program_id": "prog024",
    "object_id": "Obj00039",
    "theme": "СМИ и информационная политика",
    "theme_weight": 5,
    "info_type": 1
  },
  {
    "id": 47,
    "indicator_id": "Indicator00035",
    "indicator_name": "Совокупный среднесуточный охват аудитории телеканала «ТВ Центр» в различных средах ",
    "AI_indicator_id": null,
    "oiv_id": "OIV024",
    "strategy_id": "str024",
    "program_id": null,
    "object_id": "Obj00039",
    "theme": "СМИ и информационная политика",
    "theme_weight": 5,
    "info_type": 1
  },
  {
    "id": 48,
    "indicator_id": "Indicator00036",
    "indicator_name": "Объем оригинального производства и распространения социально ориентированной телепродукции телеканала \"Москва 24\"",
    "AI_indicator_id": null,
    "oiv_id": "OIV024",
    "strategy_id": "str024",
    "program_id": "prog024",
    "object_id": "Obj00040",
    "theme": "СМИ и информационная политика",
    "theme_weight": 5,
    "info_type": 1
  },
  {
    "id": 49,
    "indicator_id": "Indicator00037",
    "indicator_name": "Совокупный среднесуточный охват аудитории телеканала «Москва 24» в различных средах",
    "AI_indicator_id": null,
    "oiv_id": "OIV024",
    "strategy_id": "str024",
    "program_id": null,
    "object_id": "Obj00040",
    "theme": "СМИ и информационная политика",
    "theme_weight": 5,
    "info_type": 1
  },
  {
    "id": 50,
    "indicator_id": "Indicator00038",
    "indicator_name": "Объем оригинального производства и распространения социально ориентированной телепродукции телеканала \"Москва Доверие\"",
    "AI_indicator_id": null,
    "oiv_id": "OIV024",
    "strategy_id": "str024",
    "program_id": "prog024",
    "object_id": "Obj00041",
    "theme": "СМИ и информационная политика",
    "theme_weight": 5,
    "info_type": 1
  },
  {
    "id": 51,
    "indicator_id": "Indicator00039",
    "indicator_name": "Совокупный среднесуточный охват аудитории телеканала «Москва Доверие» в различных средах",
    "AI_indicator_id": null,
    "oiv_id": "OIV024",
    "strategy_id": "str024",
    "program_id": null,
    "object_id": "Obj00041",
    "theme": "СМИ и информационная политика",
    "theme_weight": 5,
    "info_type": 1
  },
  {
    "id": 52,
    "indicator_id": "Indicator00040",
    "indicator_name": "Объем оригинального производства и распространения социально ориентированной радиопродукции радиоканала \"Москва FM\"",
    "AI_indicator_id": null,
    "oiv_id": "OIV024",
    "strategy_id": "str024",
    "program_id": "prog024",
    "object_id": "Obj00042",
    "theme": "СМИ и информационная политика",
    "theme_weight": 5,
    "info_type": 1
  },
  {
    "id": 53,
    "indicator_id": "Indicator00041",
    "indicator_name": "Совокупный среднесуточный охват аудитории радиоканала  \"Москва FM\" в различных средах",
    "AI_indicator_id": null,
    "oiv_id": "OIV024",
    "strategy_id": "str024",
    "program_id": null,
    "object_id": "Obj00042",
    "theme": "СМИ и информационная политика",
    "theme_weight": 5,
    "info_type": 1
  },
  {
    "id": 54,
    "indicator_id": "Indicator00042",
    "indicator_name": "Совокупный среднесуточный охват аудитории радиоканала  \"Радио Москвы\" в различных средах",
    "AI_indicator_id": null,
    "oiv_id": "OIV024",
    "strategy_id": "str024",
    "program_id": null,
    "object_id": "Obj00043",
    "theme": "СМИ и информационная политика",
    "theme_weight": 5,
    "info_type": 1
  },
  {
    "id": 55,
    "indicator_id": "Indicator00043",
    "indicator_name": "Объем информационных материалов, распространяемых посредством цифровых технологий в сети Интернет",
    "AI_indicator_id": "Indicator00057",
    "oiv_id": "OIV024",
    "strategy_id": "str024",
    "program_id": "prog024",
    "object_id": "Obj00044",
    "theme": "СМИ и информационная политика",
    "theme_weight": 5,
    "info_type": 1
  },
  {
    "id": 56,
    "indicator_id": "Indicator00044",
    "indicator_name": "Количество распространяемого городского контента Агентством Городских Новостей «Москва»",
    "AI_indicator_id": "Indicator00057",
    "oiv_id": "OIV024",
    "strategy_id": "str024",
    "program_id": null,
    "object_id": "Obj00045",
    "theme": "СМИ и информационная политика",
    "theme_weight": 5,
    "info_type": 1
  },
  {
    "id": 57,
    "indicator_id": "Indicator00045",
    "indicator_name": "Количество знаков продукции сетевых изданий и информационных агентств, посвященных вопросам социально-экономического и политического развития города Москвы, производимой при поддержке Правительства Москвы",
    "AI_indicator_id": "Indicator00057",
    "oiv_id": "OIV024",
    "strategy_id": "str024",
    "program_id": "prog024",
    "object_id": "Obj00046",
    "theme": "СМИ и информационная политика",
    "theme_weight": 5,
    "info_type": 1
  },
  {
    "id": 58,
    "indicator_id": "Indicator00046",
    "indicator_name": "Количество оригинального контента городских средств массовой информации, размещаемого в социальных сетях и мессенджерах",
    "AI_indicator_id": "Indicator00057",
    "oiv_id": "OIV024",
    "strategy_id": "str024",
    "program_id": "prog024",
    "object_id": "Obj00047",
    "theme": "СМИ и информационная политика",
    "theme_weight": 5,
    "info_type": 1
  },
  {
    "id": 59,
    "indicator_id": "Indicator00047",
    "indicator_name": "Количество полос городской информации, публикуемых федеральными и московскими периодическими печатными изданиями, производимых при поддержке Правительства Москвы",
    "AI_indicator_id": "Indicator00057",
    "oiv_id": "OIV024",
    "strategy_id": "str024",
    "program_id": "prog024",
    "object_id": "Obj00048",
    "theme": "СМИ и информационная политика",
    "theme_weight": 5,
    "info_type": 1
  },
  {
    "id": 60,
    "indicator_id": "Indicator00048",
    "indicator_name": "Количество Медиакиосков на территории города Москвы ",
    "AI_indicator_id": "Indicator00059",
    "oiv_id": "OIV024",
    "strategy_id": "str024",
    "program_id": "prog024",
    "object_id": "Obj00049",
    "theme": "Регулирование рынка",
    "theme_weight": 4,
    "info_type": 1
  },
  {
    "id": 61,
    "indicator_id": "Indicator00048",
    "indicator_name": "Количество Медиакиосков на территории города Москвы ",
    "AI_indicator_id": "Indicator00059",
    "oiv_id": "OIV024",
    "strategy_id": "str024",
    "program_id": "prog024",
    "object_id": "Obj00049",
    "theme": "СМИ и информационная политика",
    "theme_weight": 5,
    "info_type": 1
  },
  {
    "id": 62,
    "indicator_id": "Indicator00049",
    "indicator_name": "Количество наименований книг, выпушенных в рамках Издательской программы Правительства Москвы",
    "AI_indicator_id": null,
    "oiv_id": "OIV024",
    "strategy_id": "str024",
    "program_id": "prog024",
    "object_id": "Obj00050",
    "theme": "СМИ и информационная политика",
    "theme_weight": 5,
    "info_type": 1
  },
  {
    "id": 63,
    "indicator_id": "Indicator00049",
    "indicator_name": "Количество наименований книг, выпушенных в рамках Издательской программы Правительства Москвы",
    "AI_indicator_id": null,
    "oiv_id": "OIV024",
    "strategy_id": "str024",
    "program_id": "prog024",
    "object_id": "Obj00050",
    "theme": "Культура и искусство",
    "theme_weight": 4,
    "info_type": 1
  },
  {
    "id": 64,
    "indicator_id": "Indicator00050",
    "indicator_name": "Тираж книг, выпушенных в рамках Издательской программы Правительства Москвы",
    "AI_indicator_id": null,
    "oiv_id": "OIV024",
    "strategy_id": "str024",
    "program_id": "prog024",
    "object_id": "Obj00050",
    "theme": "СМИ и информационная политика",
    "theme_weight": 5,
    "info_type": 1
  },
  {
    "id": 65,
    "indicator_id": "Indicator00050",
    "indicator_name": "Тираж книг, выпушенных в рамках Издательской программы Правительства Москвы",
    "AI_indicator_id": null,
    "oiv_id": "OIV024",
    "strategy_id": "str024",
    "program_id": "prog024",
    "object_id": "Obj00050",
    "theme": "Культура и искусство",
    "theme_weight": 4,
    "info_type": 1
  },
  {
    "id": 66,
    "indicator_id": "Indicator00051",
    "indicator_name": "Книги, выпущенные в рамках Издательской программы Правительства Москвы и передаваемые в социальные учреждения и используемые при публичных мероприятиях ",
    "AI_indicator_id": null,
    "oiv_id": "OIV024",
    "strategy_id": "str024",
    "program_id": "prog024",
    "object_id": "Obj00050",
    "theme": "СМИ и информационная политика",
    "theme_weight": 5,
    "info_type": 1
  },
  {
    "id": 67,
    "indicator_id": "Indicator00051",
    "indicator_name": "Книги, выпущенные в рамках Издательской программы Правительства Москвы и передаваемые в социальные учреждения и используемые при публичных мероприятиях ",
    "AI_indicator_id": null,
    "oiv_id": "OIV024",
    "strategy_id": "str024",
    "program_id": "prog024",
    "object_id": "Obj00050",
    "theme": "Культура и искусство",
    "theme_weight": 4,
    "info_type": 1
  },
  {
    "id": 68,
    "indicator_id": "Indicator00052",
    "indicator_name": "Количество городских цифровых рекламных конструкций",
    "AI_indicator_id": "Indicator00059",
    "oiv_id": "OIV024",
    "strategy_id": "str024",
    "program_id": null,
    "object_id": "Obj00051",
    "theme": "СМИ и информационная политика",
    "theme_weight": 5,
    "info_type": 1
  },
  {
    "id": 69,
    "indicator_id": "Indicator00053",
    "indicator_name": "Количество городских цифровых щитов 6 х 3 м",
    "AI_indicator_id": "Indicator00059",
    "oiv_id": "OIV024",
    "strategy_id": "str024",
    "program_id": null,
    "object_id": "Obj00052",
    "theme": "СМИ и информационная политика",
    "theme_weight": 5,
    "info_type": 1
  },
  {
    "id": 70,
    "indicator_id": "Indicator00054",
    "indicator_name": "Количество городских цифровых афишных стендов ",
    "AI_indicator_id": "Indicator00059",
    "oiv_id": "OIV024",
    "strategy_id": "str024",
    "program_id": null,
    "object_id": "Obj00053",
    "theme": "СМИ и информационная политика",
    "theme_weight": 5,
    "info_type": 1
  },
  {
    "id": 71,
    "indicator_id": "Indicator00055",
    "indicator_name": "Количество новостных сюжетов и репортажей о городских событиях",
    "AI_indicator_id": null,
    "oiv_id": "OIV024",
    "strategy_id": null,
    "program_id": null,
    "object_id": "Obj00054",
    "theme": "СМИ и информационная политика",
    "theme_weight": 5,
    "info_type": 2
  },
  {
    "id": 72,
    "indicator_id": "Indicator00056",
    "indicator_name": "Просмотры информационных материалов на сайтах и в соцсетях",
    "AI_indicator_id": null,
    "oiv_id": "OIV024",
    "strategy_id": null,
    "program_id": null,
    "object_id": "Obj00055",
    "theme": "СМИ и информационная политика",
    "theme_weight": 5,
    "info_type": 2
  },
  {
    "id": 73,
    "indicator_id": "Indicator00057",
    "indicator_name": "Доля информационных продуктов, востребованных жителями",
    "AI_indicator_id": null,
    "oiv_id": "OIV024",
    "strategy_id": null,
    "program_id": null,
    "object_id": "Obj00056",
    "theme": "СМИ и информационная политика",
    "theme_weight": 5,
    "info_type": 2
  },
  {
    "id": 74,
    "indicator_id": "Indicator00058",
    "indicator_name": "Количество размещённой рекламы, способствующей улучшению имиджа города",
    "AI_indicator_id": null,
    "oiv_id": "OIV024",
    "strategy_id": null,
    "program_id": null,
    "object_id": "Obj00057",
    "theme": "СМИ и информационная политика",
    "theme_weight": 5,
    "info_type": 2
  },
  {
    "id": 75,
    "indicator_id": "Indicator00059",
    "indicator_name": "Количество качественно установленных рекламных конструкций",
    "AI_indicator_id": null,
    "oiv_id": "OIV024",
    "strategy_id": null,
    "program_id": null,
    "object_id": "Obj00058",
    "theme": "СМИ и информационная политика",
    "theme_weight": 5,
    "info_type": 2
  },
  {
    "id": 76,
    "indicator_id": "Indicator00060",
    "indicator_name": "Успешность выполнения планов размещения рекламных щитов и баннеров",
    "AI_indicator_id": null,
    "oiv_id": "OIV024",
    "strategy_id": null,
    "program_id": null,
    "object_id": "Obj00059",
    "theme": "СМИ и информационная политика",
    "theme_weight": 5,
    "info_type": 2
  },
  {
    "id": 77,
    "indicator_id": "Indicator00061",
    "indicator_name": "Объем привлечённого внимания к социальным проблемам благодаря рекламе",
    "AI_indicator_id": null,
    "oiv_id": "OIV024",
    "strategy_id": null,
    "program_id": null,
    "object_id": "Obj00060",
    "theme": "Социальная защита и поддержка",
    "theme_weight": 4,
    "info_type": 2
  },
  {
    "id": 78,
    "indicator_id": "Indicator00061",
    "indicator_name": "Объем привлечённого внимания к социальным проблемам благодаря рекламе",
    "AI_indicator_id": null,
    "oiv_id": "OIV024",
    "strategy_id": null,
    "program_id": null,
    "object_id": "Obj00060",
    "theme": "СМИ и информационная политика",
    "theme_weight": 4,
    "info_type": 2
  },
  {
    "id": 79,
    "indicator_id": "Indicator00062",
    "indicator_name": "Измеримая социальная отдача реализуемых кампаний",
    "AI_indicator_id": null,
    "oiv_id": "OIV024",
    "strategy_id": null,
    "program_id": null,
    "object_id": "Obj00061",
    "theme": "СМИ и информационная политика",
    "theme_weight": 5,
    "info_type": 2
  },
  {
    "id": 80,
    "indicator_id": "Indicator00063",
    "indicator_name": "Скорость обновления цифровых платформ и веб-сайтов",
    "AI_indicator_id": null,
    "oiv_id": "OIV024",
    "strategy_id": null,
    "program_id": null,
    "object_id": "Obj00062",
    "theme": "Цифровизация",
    "theme_weight": 4,
    "info_type": 2
  },
  {
    "id": 81,
    "indicator_id": "Indicator00064",
    "indicator_name": "Устойчивость и доступность онлайн-ресурсов",
    "AI_indicator_id": null,
    "oiv_id": "OIV024",
    "strategy_id": null,
    "program_id": null,
    "object_id": "Obj00063",
    "theme": "Цифровизация",
    "theme_weight": 4,
    "info_type": 2
  },
  {
    "id": 82,
    "indicator_id": "Indicator00065",
    "indicator_name": "Размер ущерба городу от несанкционированных рекламных конструкций",
    "AI_indicator_id": null,
    "oiv_id": "OIV024",
    "strategy_id": null,
    "program_id": null,
    "object_id": "Obj00064",
    "theme": "Контроль и надзор",
    "theme_weight": 4,
    "info_type": 2
  },
  {
    "id": 83,
    "indicator_id": "Indicator00066",
    "indicator_name": "Площадь очищенных фасадов зданий от незаконных надписей и рисунков",
    "AI_indicator_id": null,
    "oiv_id": "OIV024",
    "strategy_id": null,
    "program_id": null,
    "object_id": "Obj00065",
    "theme": "Архитектура и историческое наследие",
    "theme_weight": 3,
    "info_type": 2
  },
  {
    "id": 84,
    "indicator_id": "Indicator00066",
    "indicator_name": "Площадь очищенных фасадов зданий от незаконных надписей и рисунков",
    "AI_indicator_id": null,
    "oiv_id": "OIV024",
    "strategy_id": null,
    "program_id": null,
    "object_id": "Obj00065",
    "theme": "Благоустройство",
    "theme_weight": 3,
    "info_type": 2
  },
  {
    "id": 85,
    "indicator_id": "Indicator00067",
    "indicator_name": "Уровень исполнения запланированных расходов на информационные и рекламные нужды",
    "AI_indicator_id": null,
    "oiv_id": "OIV024",
    "strategy_id": null,
    "program_id": null,
    "object_id": "Obj00066",
    "theme": "Финансовое управление",
    "theme_weight": 5,
    "info_type": 2
  },
  {
    "id": 86,
    "indicator_id": "Indicator00068",
    "indicator_name": "Экономичность использования средств при исполнении контрактов и заказов",
    "AI_indicator_id": null,
    "oiv_id": "OIV024",
    "strategy_id": null,
    "program_id": null,
    "object_id": "Obj00067",
    "theme": "Государственные закупки и контракты",
    "theme_weight": 5,
    "info_type": 2
  },
  {
    "id": 87,
    "indicator_id": "Indicator00069",
    "indicator_name": "Продолжительность цикла подачи и одобрения проекта рекламной акции",
    "AI_indicator_id": null,
    "oiv_id": "OIV024",
    "strategy_id": null,
    "program_id": null,
    "object_id": "Obj00068",
    "theme": "Правовое регулирование",
    "theme_weight": 3,
    "info_type": 2
  },
  {
    "id": 88,
    "indicator_id": "Indicator00070",
    "indicator_name": "Автоматизация рабочих процессов в сфере рекламы и медиакоммуникаций",
    "AI_indicator_id": null,
    "oiv_id": "OIV024",
    "strategy_id": null,
    "program_id": null,
    "object_id": "Obj00069",
    "theme": "Государственное управление",
    "theme_weight": 3,
    "info_type": 2
  },
  {
    "id": 89,
    "indicator_id": "Indicator00070",
    "indicator_name": "Автоматизация рабочих процессов в сфере рекламы и медиакоммуникаций",
    "AI_indicator_id": null,
    "oiv_id": "OIV024",
    "strategy_id": null,
    "program_id": null,
    "object_id": "Obj00069",
    "theme": "Цифровизация",
    "theme_weight": 4,
    "info_type": 2
  },
  {
    "id": 90,
    "indicator_id": "Indicator00071",
    "indicator_name": "Результаты социологических исследований восприятия городской рекламы и медиа-продуктов",
    "AI_indicator_id": null,
    "oiv_id": "OIV024",
    "strategy_id": null,
    "program_id": null,
    "object_id": "Obj00070",
    "theme": "Взаимодействие с гражданами",
    "theme_weight": 4,
    "info_type": 2
  },
  {
    "id": 91,
    "indicator_id": "Indicator00071",
    "indicator_name": "Результаты социологических исследований восприятия городской рекламы и медиа-продуктов",
    "AI_indicator_id": null,
    "oiv_id": "OIV024",
    "strategy_id": null,
    "program_id": null,
    "object_id": "Obj00070",
    "theme": "СМИ и информационная политика",
    "theme_weight": 5,
    "info_type": 2
  },
  {
    "id": 92,
    "indicator_id": "Indicator00072",
    "indicator_name": "Уровень узнаваемости бренда города среди туристов и гостей",
    "AI_indicator_id": null,
    "oiv_id": "OIV024",
    "strategy_id": null,
    "program_id": null,
    "object_id": "Obj00071",
    "theme": "Государственное управление",
    "theme_weight": 4,
    "info_type": 2
  },
  {
    "id": 93,
    "indicator_id": "Indicator00072",
    "indicator_name": "Уровень узнаваемости бренда города среди туристов и гостей",
    "AI_indicator_id": null,
    "oiv_id": "OIV024",
    "strategy_id": null,
    "program_id": null,
    "object_id": "Obj00071",
    "theme": "Туризм",
    "theme_weight": 4,
    "info_type": 2
  },
  {
    "id": 94,
    "indicator_id": "Indicator00073",
    "indicator_name": "Доля позитивных комментариев и оценок от жителей и посетителей",
    "AI_indicator_id": null,
    "oiv_id": "OIV024",
    "strategy_id": null,
    "program_id": null,
    "object_id": "Obj00072",
    "theme": "Взаимодействие с гражданами",
    "theme_weight": 5,
    "info_type": 2
  },
  {
    "id": 95,
    "indicator_id": "Indicator00074",
    "indicator_name": "Обращения граждан по поводу проблем в сфере информационного сопровождения и рекламы",
    "AI_indicator_id": null,
    "oiv_id": "OIV024",
    "strategy_id": null,
    "program_id": null,
    "object_id": "Obj00073",
    "theme": "Взаимодействие с гражданами",
    "theme_weight": 5,
    "info_type": 2
  }
]