[
  {
    "id": 1,
    "parameter_id": "Param00001",
    "AI_parameter_id": null,
    "parameter_name": "Количество подразделений",
    "object_id": "Obj00001",
    "indicator_id": null,
    "theme": "Безопасность и ЧС",
    "theme_weight": 5,
    "info_type": 1
  },
  {
    "id": 2,
    "parameter_id": "Param00002",
    "AI_parameter_id": "Param00034",
    "parameter_name": "Численность подразделений",
    "object_id": "Obj00001",
    "indicator_id": null,
    "theme": "Безопасность и ЧС",
    "theme_weight": 5,
    "info_type": 1
  },
  {
    "id": 3,
    "parameter_id": "Param00003",
    "AI_parameter_id": "Param00040",
    "parameter_name": "Количество техники",
    "object_id": "Obj00001",
    "indicator_id": null,
    "theme": "Безопасность и ЧС",
    "theme_weight": 5,
    "info_type": 1
  },
  {
    "id": 4,
    "parameter_id": "Param00004",
    "AI_parameter_id": "Param00031",
    "parameter_name": "Колличество профилактических мероприятий",
    "object_id": "Obj00001",
    "indicator_id": null,
    "theme": "Безопасность и ЧС",
    "theme_weight": 5,
    "info_type": 1
  },
  {
    "id": 5,
    "parameter_id": "Param00005",
    "AI_parameter_id": null,
    "parameter_name": "Количество подразделений",
    "object_id": "Obj00002",
    "indicator_id": null,
    "theme": "Безопасность и ЧС",
    "theme_weight": 5,
    "info_type": 1
  },
  {
    "id": 6,
    "parameter_id": "Param00006",
    "AI_parameter_id": "Param00034",
    "parameter_name": "Численность подразделений",
    "object_id": "Obj00002",
    "indicator_id": null,
    "theme": "Безопасность и ЧС",
    "theme_weight": 5,
    "info_type": 1
  },
  {
    "id": 7,
    "parameter_id": "Param00007",
    "AI_parameter_id": "Param00040",
    "parameter_name": "Количество техники",
    "object_id": "Obj00002",
    "indicator_id": null,
    "theme": "Безопасность и ЧС",
    "theme_weight": 5,
    "info_type": 1
  },
  {
    "id": 8,
    "parameter_id": "Param00008",
    "AI_parameter_id": null,
    "parameter_name": "Количество подразделений",
    "object_id": "Obj00003",
    "indicator_id": null,
    "theme": "Безопасность и ЧС",
    "theme_weight": 4,
    "info_type": 1
  },
  {
    "id": 9,
    "parameter_id": "Param00009",
    "AI_parameter_id": "Param00034",
    "parameter_name": "Численность подразделений",
    "object_id": "Obj00003",
    "indicator_id": null,
    "theme": "Безопасность и ЧС",
    "theme_weight": 4,
    "info_type": 1
  },
  {
    "id": 10,
    "parameter_id": "Param00010",
    "AI_parameter_id": "Param00040",
    "parameter_name": "Количество техники ",
    "object_id": "Obj00003",
    "indicator_id": null,
    "theme": "Безопасность и ЧС",
    "theme_weight": 4,
    "info_type": 1
  },
  {
    "id": 11,
    "parameter_id": "Param00011",
    "AI_parameter_id": "Param00030",
    "parameter_name": "Количество станций",
    "object_id": "Obj00004",
    "indicator_id": null,
    "theme": "Безопасность и ЧС",
    "theme_weight": 5,
    "info_type": 1
  },
  {
    "id": 12,
    "parameter_id": "Param00012",
    "AI_parameter_id": "Param00034",
    "parameter_name": "Численность станций",
    "object_id": "Obj00004",
    "indicator_id": null,
    "theme": "Безопасность и ЧС",
    "theme_weight": 5,
    "info_type": 1
  },
  {
    "id": 13,
    "parameter_id": "Param00013",
    "AI_parameter_id": "Param00040",
    "parameter_name": "Количество техники ",
    "object_id": "Obj00004",
    "indicator_id": null,
    "theme": "Безопасность и ЧС",
    "theme_weight": 5,
    "info_type": 1
  },
  {
    "id": 14,
    "parameter_id": "Param00014",
    "AI_parameter_id": "Param00031",
    "parameter_name": "Количество \nпрофилактических мероприятий",
    "object_id": "Obj00004",
    "indicator_id": null,
    "theme": "Безопасность и ЧС",
    "theme_weight": 5,
    "info_type": 1
  },
  {
    "id": 15,
    "parameter_id": "Param00015",
    "AI_parameter_id": "Param00030",
    "parameter_name": "Охват населения электросиренным оборудованием",
    "object_id": "Obj00005",
    "indicator_id": null,
    "theme": "Безопасность и ЧС",
    "theme_weight": 4,
    "info_type": 1
  },
  {
    "id": 16,
    "parameter_id": "Param00016",
    "AI_parameter_id": "Param00030",
    "parameter_name": "Охват населения путем перехвата телерадио вещания ",
    "object_id": "Obj00006",
    "indicator_id": null,
    "theme": "Безопасность и ЧС",
    "theme_weight": 3,
    "info_type": 1
  },
  {
    "id": 17,
    "parameter_id": "Param00017",
    "AI_parameter_id": "Param00030",
    "parameter_name": "Охват населения элементами уличной звукофикации ",
    "object_id": "Obj00007",
    "indicator_id": null,
    "theme": "Безопасность и ЧС",
    "theme_weight": 3,
    "info_type": 1
  },
  {
    "id": 18,
    "parameter_id": "Param00018",
    "AI_parameter_id": null,
    "parameter_name": "Численность населения, подлежащее укрытию",
    "object_id": "Obj00009",
    "indicator_id": null,
    "theme": "Безопасность и ЧС",
    "theme_weight": 5,
    "info_type": 1
  },
  {
    "id": 19,
    "parameter_id": "Param00019",
    "AI_parameter_id": "Param00033",
    "parameter_name": "Количество мест укрытий, предназначенных для укрытия проживающего населения",
    "object_id": "Obj00009",
    "indicator_id": null,
    "theme": "Безопасность и ЧС",
    "theme_weight": 5,
    "info_type": 1
  },
  {
    "id": 20,
    "parameter_id": "Param00020",
    "AI_parameter_id": null,
    "parameter_name": "Вместимость мест укрытий, предназначенных для укрытия проживающего населения",
    "object_id": "Obj00009",
    "indicator_id": null,
    "theme": "Безопасность и ЧС",
    "theme_weight": 5,
    "info_type": 1
  },
  {
    "id": 21,
    "parameter_id": "Param00021",
    "AI_parameter_id": null,
    "parameter_name": "Численность населения, которое спланировано к укрытию в средствах коллективной защиты",
    "object_id": "Obj00035",
    "indicator_id": null,
    "theme": "Безопасность и ЧС",
    "theme_weight": 5,
    "info_type": 1
  },
  {
    "id": 22,
    "parameter_id": "Param00022",
    "AI_parameter_id": "Param00033",
    "parameter_name": "Количество средств коллективной защиты, приспасабливаемых в период мобилизации и военное время для укрытия населения",
    "object_id": "Obj00035",
    "indicator_id": null,
    "theme": "Безопасность и ЧС",
    "theme_weight": 5,
    "info_type": 1
  },
  {
    "id": 23,
    "parameter_id": "Param00023",
    "AI_parameter_id": null,
    "parameter_name": "Вместимость средств коллективной защиты, приспасабливаемых в период мобилизации и военное время для укрытия населения",
    "object_id": "Obj00035",
    "indicator_id": null,
    "theme": "Безопасность и ЧС",
    "theme_weight": 5,
    "info_type": 1
  },
  {
    "id": 24,
    "parameter_id": "Param00024",
    "AI_parameter_id": "Param00033",
    "parameter_name": "Количество средств коллективной защиты, приспособленных для укрытия населения (метрополитен)",
    "object_id": "Obj00035",
    "indicator_id": null,
    "theme": "Безопасность и ЧС",
    "theme_weight": 5,
    "info_type": 1
  },
  {
    "id": 25,
    "parameter_id": "Param00025",
    "AI_parameter_id": null,
    "parameter_name": "Вместимость средств коллективной защиты, приспособленных для укрытия населения (метрополитен)",
    "object_id": "Obj00035",
    "indicator_id": null,
    "theme": "Безопасность и ЧС",
    "theme_weight": 5,
    "info_type": 1
  },
  {
    "id": 26,
    "parameter_id": "Param00026",
    "AI_parameter_id": "Param00048",
    "parameter_name": "Подготовлено по основным программам профессионального обучения ",
    "object_id": "Obj00036",
    "indicator_id": null,
    "theme": "Безопасность и ЧС",
    "theme_weight": 5,
    "info_type": 1
  },
  {
    "id": 27,
    "parameter_id": "Param00026",
    "AI_parameter_id": "Param00048",
    "parameter_name": "Подготовлено по основным программам профессионального обучения ",
    "object_id": "Obj00036",
    "indicator_id": null,
    "theme": "Образование и наука",
    "theme_weight": 3,
    "info_type": 1
  },
  {
    "id": 28,
    "parameter_id": "Param00027",
    "AI_parameter_id": "Param00048",
    "parameter_name": "Подготовлено по дополнительным профессиональным программам",
    "object_id": "Obj00036",
    "indicator_id": null,
    "theme": "Безопасность и ЧС",
    "theme_weight": 5,
    "info_type": 1
  },
  {
    "id": 29,
    "parameter_id": "Param00027",
    "AI_parameter_id": "Param00048",
    "parameter_name": "Подготовлено по дополнительным профессиональным программам",
    "object_id": "Obj00036",
    "indicator_id": null,
    "theme": "Образование и наука",
    "theme_weight": 3,
    "info_type": 1
  },
  {
    "id": 30,
    "parameter_id": "Param00028",
    "AI_parameter_id": "Param00048",
    "parameter_name": "Подготовлено по дополнительным общеразвивающим программам ",
    "object_id": "Obj00036",
    "indicator_id": null,
    "theme": "Безопасность и ЧС",
    "theme_weight": 5,
    "info_type": 1
  },
  {
    "id": 31,
    "parameter_id": "Param00028",
    "AI_parameter_id": "Param00048",
    "parameter_name": "Подготовлено по дополнительным общеразвивающим программам ",
    "object_id": "Obj00036",
    "indicator_id": null,
    "theme": "Образование и наука",
    "theme_weight": 3,
    "info_type": 1
  },
  {
    "id": 32,
    "parameter_id": "Param00029",
    "AI_parameter_id": null,
    "parameter_name": "Численность населения, \nпосетившего УКП ГО и ЧС",
    "object_id": "Obj00037",
    "indicator_id": null,
    "theme": "Безопасность и ЧС",
    "theme_weight": 4,
    "info_type": 1
  },
  {
    "id": 33,
    "parameter_id": "Param00030",
    "AI_parameter_id": null,
    "parameter_name": "Количество оснащённых населённых пунктов",
    "object_id": "Obj00011",
    "indicator_id": "Indicator00009",
    "theme": "Безопасность и ЧС",
    "theme_weight": 4,
    "info_type": 2
  },
  {
    "id": 34,
    "parameter_id": "Param00029",
    "AI_parameter_id": null,
    "parameter_name": "Численность населения, \nпосетившего УКП ГО и ЧС",
    "object_id": "Obj00037",
    "indicator_id": null,
    "theme": "Социальная защита и поддержка",
    "theme_weight": 3,
    "info_type": 1
  },
  {
    "id": 35,
    "parameter_id": "Param00031",
    "AI_parameter_id": null,
    "parameter_name": "Количество защитно-эвакуационных мероприятий",
    "object_id": "Obj00012",
    "indicator_id": "Indicator00010",
    "theme": "Государственное управление",
    "theme_weight": 3,
    "info_type": 2
  },
  {
    "id": 36,
    "parameter_id": "Param00032",
    "AI_parameter_id": null,
    "parameter_name": "Уровень готовности к чрезвычайным ситуациям",
    "object_id": "Obj00013",
    "indicator_id": "Indicator00011",
    "theme": "Безопасность и ЧС",
    "theme_weight": 5,
    "info_type": 2
  },
  {
    "id": 37,
    "parameter_id": "Param00033",
    "AI_parameter_id": null,
    "parameter_name": "Количество подготовленных объектов",
    "object_id": "Obj00014",
    "indicator_id": "Indicator00012",
    "theme": "Безопасность и ЧС",
    "theme_weight": 5,
    "info_type": 2
  },
  {
    "id": 38,
    "parameter_id": "Param00031",
    "AI_parameter_id": null,
    "parameter_name": "Количество защитно-эвакуационных мероприятий",
    "object_id": "Obj00012",
    "indicator_id": "Indicator00010",
    "theme": "Безопасность и ЧС",
    "theme_weight": 3,
    "info_type": 2
  },
  {
    "id": 39,
    "parameter_id": "Param00034",
    "AI_parameter_id": null,
    "parameter_name": "Степень укомплектованности",
    "object_id": "Obj00015",
    "indicator_id": "Indicator00013",
    "theme": "Безопасность и ЧС",
    "theme_weight": 4,
    "info_type": 2
  },
  {
    "id": 40,
    "parameter_id": "Param00034",
    "AI_parameter_id": null,
    "parameter_name": "Степень укомплектованности",
    "object_id": "Obj00015",
    "indicator_id": "Indicator00013",
    "theme": "Социальная защита и поддержка",
    "theme_weight": 2,
    "info_type": 2
  },
  {
    "id": 41,
    "parameter_id": "Param00035",
    "AI_parameter_id": null,
    "parameter_name": "Количество учений и тренировок",
    "object_id": "Obj00016",
    "indicator_id": "Indicator00014",
    "theme": "Безопасность и ЧС",
    "theme_weight": 4,
    "info_type": 2
  },
  {
    "id": 42,
    "parameter_id": "Param00036",
    "AI_parameter_id": null,
    "parameter_name": "Количество очагов возгорания",
    "object_id": "Obj00017",
    "indicator_id": "Indicator00015",
    "theme": "Безопасность и ЧС",
    "theme_weight": 4,
    "info_type": 2
  },
  {
    "id": 43,
    "parameter_id": "Param00037",
    "AI_parameter_id": null,
    "parameter_name": "Время прибытия на место происшествия",
    "object_id": "Obj00018",
    "indicator_id": "Indicator00016",
    "theme": "Безопасность и ЧС",
    "theme_weight": 5,
    "info_type": 2
  },
  {
    "id": 44,
    "parameter_id": "Param00038",
    "AI_parameter_id": null,
    "parameter_name": "Число предотвращённых возгораний",
    "object_id": "Obj00019",
    "indicator_id": "Indicator00017",
    "theme": "Безопасность и ЧС",
    "theme_weight": 5,
    "info_type": 2
  },
  {
    "id": 45,
    "parameter_id": "Param00035",
    "AI_parameter_id": null,
    "parameter_name": "Количество учений и тренировок",
    "object_id": "Obj00016",
    "indicator_id": "Indicator00014",
    "theme": "Образование и наука",
    "theme_weight": 3,
    "info_type": 2
  },
  {
    "id": 46,
    "parameter_id": "Param00039",
    "AI_parameter_id": null,
    "parameter_name": "Количество огнестойких зданий",
    "object_id": "Obj00020",
    "indicator_id": "Indicator00018",
    "theme": "Безопасность и ЧС",
    "theme_weight": 4,
    "info_type": 2
  },
  {
    "id": 47,
    "parameter_id": "Param00040",
    "AI_parameter_id": null,
    "parameter_name": "Наличие сертифицированной техники",
    "object_id": "Obj00021",
    "indicator_id": "Indicator00019",
    "theme": "Безопасность и ЧС",
    "theme_weight": 5,
    "info_type": 2
  },
  {
    "id": 48,
    "parameter_id": "Param00041",
    "AI_parameter_id": null,
    "parameter_name": "Количественная оценка убытков",
    "object_id": "Obj00022",
    "indicator_id": "Indicator00020",
    "theme": "Безопасность и ЧС",
    "theme_weight": 4,
    "info_type": 2
  },
  {
    "id": 49,
    "parameter_id": "Param00042",
    "AI_parameter_id": null,
    "parameter_name": "Количество спасённых людей",
    "object_id": "Obj00023",
    "indicator_id": "Indicator00021",
    "theme": "Безопасность и ЧС",
    "theme_weight": 5,
    "info_type": 2
  },
  {
    "id": 50,
    "parameter_id": "Param00043",
    "AI_parameter_id": null,
    "parameter_name": "Частота проверок и патрулирования",
    "object_id": "Obj00024",
    "indicator_id": "Indicator00022",
    "theme": "Безопасность и ЧС",
    "theme_weight": 4,
    "info_type": 2
  },
  {
    "id": 51,
    "parameter_id": "Param00044",
    "AI_parameter_id": null,
    "parameter_name": "Количество оборудования",
    "object_id": "Obj00025",
    "indicator_id": "Indicator00023",
    "theme": "Безопасность и ЧС",
    "theme_weight": 4,
    "info_type": 2
  },
  {
    "id": 52,
    "parameter_id": "Param00039",
    "AI_parameter_id": null,
    "parameter_name": "Количество огнестойких зданий",
    "object_id": "Obj00020",
    "indicator_id": "Indicator00018",
    "theme": "Инфраструктура",
    "theme_weight": 3,
    "info_type": 2
  },
  {
    "id": 53,
    "parameter_id": "Param00045",
    "AI_parameter_id": null,
    "parameter_name": "Количество пострадавших",
    "object_id": "Obj00026",
    "indicator_id": "Indicator00024",
    "theme": "Безопасность и ЧС",
    "theme_weight": 4,
    "info_type": 2
  },
  {
    "id": 54,
    "parameter_id": "Param00045",
    "AI_parameter_id": null,
    "parameter_name": "Количество пострадавших",
    "object_id": "Obj00026",
    "indicator_id": "Indicator00024",
    "theme": "Социальная защита и поддержка",
    "theme_weight": 3,
    "info_type": 2
  },
  {
    "id": 55,
    "parameter_id": "Param00046",
    "AI_parameter_id": null,
    "parameter_name": "Эффективность восстановления объектов",
    "object_id": "Obj00027",
    "indicator_id": "Indicator00025",
    "theme": "Безопасность и ЧС",
    "theme_weight": 3,
    "info_type": 2
  },
  {
    "id": 56,
    "parameter_id": "Param00047",
    "AI_parameter_id": null,
    "parameter_name": "Размер ущерба в млн рублей",
    "object_id": "Obj00028",
    "indicator_id": "Indicator00026",
    "theme": "Безопасность и ЧС",
    "theme_weight": 4,
    "info_type": 2
  },
  {
    "id": 57,
    "parameter_id": "Param00046",
    "AI_parameter_id": null,
    "parameter_name": "Эффективность восстановления объектов",
    "object_id": "Obj00027",
    "indicator_id": "Indicator00025",
    "theme": "Инфраструктура",
    "theme_weight": 4,
    "info_type": 2
  },
  {
    "id": 58,
    "parameter_id": "Param00048",
    "AI_parameter_id": null,
    "parameter_name": "Количество курсов и программ",
    "object_id": "Obj00029",
    "indicator_id": "Indicator00027",
    "theme": "Безопасность и ЧС",
    "theme_weight": 4,
    "info_type": 2
  },
  {
    "id": 59,
    "parameter_id": "Param00048",
    "AI_parameter_id": null,
    "parameter_name": "Количество курсов и программ",
    "object_id": "Obj00029",
    "indicator_id": "Indicator00027",
    "theme": "Образование и наука",
    "theme_weight": 3,
    "info_type": 2
  },
  {
    "id": 60,
    "parameter_id": "Param00049",
    "AI_parameter_id": null,
    "parameter_name": "Уровень осведомлённости согласно опросам",
    "object_id": "Obj00030",
    "indicator_id": "Indicator00028",
    "theme": "Безопасность и ЧС",
    "theme_weight": 3,
    "info_type": 2
  },
  {
    "id": 61,
    "parameter_id": "Param00049",
    "AI_parameter_id": null,
    "parameter_name": "Уровень осведомлённости согласно опросам",
    "object_id": "Obj00030",
    "indicator_id": "Indicator00028",
    "theme": "Взаимодействие с гражданами",
    "theme_weight": 3,
    "info_type": 2
  },
  {
    "id": 62,
    "parameter_id": "Param00050",
    "AI_parameter_id": null,
    "parameter_name": "Количество распространённых экземпляров",
    "object_id": "Obj00031",
    "indicator_id": "Indicator00029",
    "theme": "Безопасность и ЧС",
    "theme_weight": 4,
    "info_type": 2
  },
  {
    "id": 63,
    "parameter_id": "Param00050",
    "AI_parameter_id": null,
    "parameter_name": "Количество распространённых экземпляров",
    "object_id": "Obj00031",
    "indicator_id": "Indicator00029",
    "theme": "Взаимодействие с гражданами",
    "theme_weight": 3,
    "info_type": 2
  },
  {
    "id": 64,
    "parameter_id": "Param00051",
    "AI_parameter_id": null,
    "parameter_name": "Частота разъяснительных бесед и тренингов",
    "object_id": "Obj00032",
    "indicator_id": "Indicator00030",
    "theme": "Государственное управление",
    "theme_weight": 3,
    "info_type": 2
  },
  {
    "id": 65,
    "parameter_id": "Param00051",
    "AI_parameter_id": null,
    "parameter_name": "Частота разъяснительных бесед и тренингов",
    "object_id": "Obj00032",
    "indicator_id": "Indicator00030",
    "theme": "Взаимодействие с гражданами",
    "theme_weight": 4,
    "info_type": 2
  },
  {
    "id": 66,
    "parameter_id": "Param00052",
    "AI_parameter_id": null,
    "parameter_name": "Скорость реагирования",
    "object_id": "Obj00033",
    "indicator_id": "Indicator00031",
    "theme": "Государственное управление",
    "theme_weight": 3,
    "info_type": 2
  },
  {
    "id": 67,
    "parameter_id": "Param00052",
    "AI_parameter_id": null,
    "parameter_name": "Скорость реагирования",
    "object_id": "Obj00033",
    "indicator_id": "Indicator00031",
    "theme": "Безопасность и ЧС",
    "theme_weight": 3,
    "info_type": 2
  },
  {
    "id": 68,
    "parameter_id": "Param00053",
    "AI_parameter_id": null,
    "parameter_name": "Индекс доверия",
    "object_id": "Obj00034",
    "indicator_id": "Indicator00032",
    "theme": "Взаимодействие с гражданами",
    "theme_weight": 4,
    "info_type": 2
  },
  {
    "id": 69,
    "parameter_id": "Param00053",
    "AI_parameter_id": null,
    "parameter_name": "Индекс доверия",
    "object_id": "Obj00034",
    "indicator_id": "Indicator00032",
    "theme": "Государственное управление",
    "theme_weight": 3,
    "info_type": 2
  },
  {
    "id": 70,
    "parameter_id": "Param00016",
    "AI_parameter_id": "Param00030",
    "parameter_name": "Охват населения путем перехвата телерадио вещания ",
    "object_id": "Obj00006",
    "indicator_id": null,
    "theme": "СМИ и информационная политика",
    "theme_weight": 3,
    "info_type": 1
  },
  {
    "id": 71,
    "parameter_id": "Param00017",
    "AI_parameter_id": "Param00030",
    "parameter_name": "Охват населения элементами уличной звукофикации ",
    "object_id": "Obj00007",
    "indicator_id": null,
    "theme": "СМИ и информационная политика",
    "theme_weight": 3,
    "info_type": 1
  },
  {
    "id": 72,
    "parameter_id": "Param00018",
    "AI_parameter_id": "Param00041",
    "parameter_name": "Количество эфирного времени",
    "object_id": "Obj00038",
    "indicator_id": null,
    "theme": "СМИ и информационная политика",
    "theme_weight": 5,
    "info_type": 1
  },
  {
    "id": 73,
    "parameter_id": "Param00019",
    "AI_parameter_id": "Param00041",
    "parameter_name": "Количество эфирного времени",
    "object_id": "Obj00039",
    "indicator_id": null,
    "theme": "СМИ и информационная политика",
    "theme_weight": 5,
    "info_type": 1
  },
  {
    "id": 74,
    "parameter_id": "Param00020",
    "AI_parameter_id": "Param00043",
    "parameter_name": "Охват аудитории",
    "object_id": "Obj00039",
    "indicator_id": null,
    "theme": "СМИ и информационная политика",
    "theme_weight": 5,
    "info_type": 1
  },
  {
    "id": 75,
    "parameter_id": "Param00021",
    "AI_parameter_id": "Param00041",
    "parameter_name": "Количество эфирного времени",
    "object_id": "Obj00040",
    "indicator_id": null,
    "theme": "СМИ и информационная политика",
    "theme_weight": 5,
    "info_type": 1
  },
  {
    "id": 76,
    "parameter_id": "Param00022",
    "AI_parameter_id": "Param00043",
    "parameter_name": "Охват аудитории",
    "object_id": "Obj00040",
    "indicator_id": null,
    "theme": "СМИ и информационная политика",
    "theme_weight": 5,
    "info_type": 1
  },
  {
    "id": 77,
    "parameter_id": "Param00023",
    "AI_parameter_id": "Param00041",
    "parameter_name": "Количество эфирного времени",
    "object_id": "Obj00041",
    "indicator_id": null,
    "theme": "СМИ и информационная политика",
    "theme_weight": 5,
    "info_type": 1
  },
  {
    "id": 78,
    "parameter_id": "Param00024",
    "AI_parameter_id": "Param00043",
    "parameter_name": "Охват аудитории",
    "object_id": "Obj00041",
    "indicator_id": null,
    "theme": "СМИ и информационная политика",
    "theme_weight": 5,
    "info_type": 1
  },
  {
    "id": 79,
    "parameter_id": "Param00025",
    "AI_parameter_id": null,
    "parameter_name": "Количество эфирного времени",
    "object_id": "Obj00042",
    "indicator_id": null,
    "theme": "СМИ и информационная политика",
    "theme_weight": 5,
    "info_type": 1
  },
  {
    "id": 80,
    "parameter_id": "Param00026",
    "AI_parameter_id": null,
    "parameter_name": "Охват аудитории",
    "object_id": "Obj00042",
    "indicator_id": null,
    "theme": "СМИ и информационная политика",
    "theme_weight": 5,
    "info_type": 1
  },
  {
    "id": 81,
    "parameter_id": "Param00027",
    "AI_parameter_id": null,
    "parameter_name": "Охват аудитории",
    "object_id": "Obj00043",
    "indicator_id": null,
    "theme": "СМИ и информационная политика",
    "theme_weight": 5,
    "info_type": 1
  },
  {
    "id": 82,
    "parameter_id": "Param00028",
    "AI_parameter_id": null,
    "parameter_name": "Количество продукции",
    "object_id": "Obj00044",
    "indicator_id": null,
    "theme": "СМИ и информационная политика",
    "theme_weight": 5,
    "info_type": 1
  },
  {
    "id": 83,
    "parameter_id": "Param00029",
    "AI_parameter_id": null,
    "parameter_name": "Количество продукции",
    "object_id": "Obj00046",
    "indicator_id": null,
    "theme": "СМИ и информационная политика",
    "theme_weight": 5,
    "info_type": 1
  },
  {
    "id": 84,
    "parameter_id": "Param00030",
    "AI_parameter_id": null,
    "parameter_name": "Количество знаков",
    "object_id": "Obj00045",
    "indicator_id": null,
    "theme": "СМИ и информационная политика",
    "theme_weight": 5,
    "info_type": 1
  },
  {
    "id": 85,
    "parameter_id": "Param00031",
    "AI_parameter_id": null,
    "parameter_name": "Количество сообщений",
    "object_id": "Obj00047",
    "indicator_id": null,
    "theme": "СМИ и информационная политика",
    "theme_weight": 5,
    "info_type": 1
  },
  {
    "id": 86,
    "parameter_id": "Param00032",
    "AI_parameter_id": null,
    "parameter_name": "Количество газетных полос формата А3",
    "object_id": "Obj00048",
    "indicator_id": null,
    "theme": "СМИ и информационная политика",
    "theme_weight": 5,
    "info_type": 1
  },
  {
    "id": 87,
    "parameter_id": "Param00033",
    "AI_parameter_id": null,
    "parameter_name": "Тираж газет",
    "object_id": "Obj00074",
    "indicator_id": null,
    "theme": "СМИ и информационная политика",
    "theme_weight": 5,
    "info_type": 1
  },
  {
    "id": 88,
    "parameter_id": "Param00034",
    "AI_parameter_id": null,
    "parameter_name": "Количество медиакиосков",
    "object_id": "Obj00049",
    "indicator_id": null,
    "theme": "СМИ и информационная политика",
    "theme_weight": 5,
    "info_type": 1
  },
  {
    "id": 89,
    "parameter_id": "Param00034",
    "AI_parameter_id": null,
    "parameter_name": "Количество медиакиосков",
    "object_id": "Obj00049",
    "indicator_id": null,
    "theme": "Регулирование рынка",
    "theme_weight": 4,
    "info_type": 1
  },
  {
    "id": 90,
    "parameter_id": "Param00035",
    "AI_parameter_id": null,
    "parameter_name": "Количество наименований книг",
    "object_id": "Obj00050",
    "indicator_id": null,
    "theme": "СМИ и информационная политика",
    "theme_weight": 5,
    "info_type": 1
  },
  {
    "id": 91,
    "parameter_id": "Param00036",
    "AI_parameter_id": null,
    "parameter_name": "Тираж выпущенных книг",
    "object_id": "Obj00050",
    "indicator_id": null,
    "theme": "СМИ и информационная политика",
    "theme_weight": 5,
    "info_type": 1
  },
  {
    "id": 92,
    "parameter_id": "Param00037",
    "AI_parameter_id": null,
    "parameter_name": "Тираж переданных в социальные учреждения книг",
    "object_id": "Obj00050",
    "indicator_id": null,
    "theme": "СМИ и информационная политика",
    "theme_weight": 5,
    "info_type": 1
  },
  {
    "id": 93,
    "parameter_id": "Param00035",
    "AI_parameter_id": null,
    "parameter_name": "Количество наименований книг",
    "object_id": "Obj00050",
    "indicator_id": null,
    "theme": "Культура и искусство",
    "theme_weight": 4,
    "info_type": 1
  },
  {
    "id": 94,
    "parameter_id": "Param00036",
    "AI_parameter_id": null,
    "parameter_name": "Тираж выпущенных книг",
    "object_id": "Obj00050",
    "indicator_id": null,
    "theme": "Культура и искусство",
    "theme_weight": 4,
    "info_type": 1
  },
  {
    "id": 95,
    "parameter_id": "Param00037",
    "AI_parameter_id": null,
    "parameter_name": "Тираж переданных в социальные учреждения книг",
    "object_id": "Obj00050",
    "indicator_id": null,
    "theme": "Культура и искусство",
    "theme_weight": 4,
    "info_type": 1
  },
  {
    "id": 96,
    "parameter_id": "Param00038",
    "AI_parameter_id": null,
    "parameter_name": "Количество конструкций",
    "object_id": "Obj00051",
    "indicator_id": null,
    "theme": "СМИ и информационная политика",
    "theme_weight": 5,
    "info_type": 1
  },
  {
    "id": 97,
    "parameter_id": "Param00039",
    "AI_parameter_id": null,
    "parameter_name": "Количество щитов",
    "object_id": "Obj00052",
    "indicator_id": null,
    "theme": "СМИ и информационная политика",
    "theme_weight": 5,
    "info_type": 1
  },
  {
    "id": 98,
    "parameter_id": "Param00040",
    "AI_parameter_id": null,
    "parameter_name": "Количество стендов",
    "object_id": "Obj00053",
    "indicator_id": null,
    "theme": "СМИ и информационная политика",
    "theme_weight": 5,
    "info_type": 1
  },
  {
    "id": 99,
    "parameter_id": "Param00041",
    "AI_parameter_id": null,
    "parameter_name": "Количество выпусков",
    "object_id": "Obj00054",
    "indicator_id": null,
    "theme": "СМИ и информационная политика",
    "theme_weight": 5,
    "info_type": 2
  },
  {
    "id": 100,
    "parameter_id": "Param00042",
    "AI_parameter_id": null,
    "parameter_name": "Количество тематики",
    "object_id": "Obj00054",
    "indicator_id": null,
    "theme": "СМИ и информационная политика",
    "theme_weight": 5,
    "info_type": 2
  },
  {
    "id": 101,
    "parameter_id": "Param00043",
    "AI_parameter_id": null,
    "parameter_name": "Охват аудитории",
    "object_id": "Obj00054",
    "indicator_id": null,
    "theme": "СМИ и информационная политика",
    "theme_weight": 5,
    "info_type": 2
  },
  {
    "id": 102,
    "parameter_id": "Param00044",
    "AI_parameter_id": null,
    "parameter_name": "Количество просмотров",
    "object_id": "Obj00055",
    "indicator_id": null,
    "theme": "СМИ и информационная политика",
    "theme_weight": 5,
    "info_type": 2
  },
  {
    "id": 103,
    "parameter_id": "Param00045",
    "AI_parameter_id": null,
    "parameter_name": "Вовлеченность",
    "object_id": "Obj00055",
    "indicator_id": null,
    "theme": "СМИ и информационная политика",
    "theme_weight": 5,
    "info_type": 2
  },
  {
    "id": 104,
    "parameter_id": "Param00046",
    "AI_parameter_id": null,
    "parameter_name": "Уровень спроса",
    "object_id": "Obj00056",
    "indicator_id": null,
    "theme": "СМИ и информационная политика",
    "theme_weight": 5,
    "info_type": 2
  },
  {
    "id": 105,
    "parameter_id": "Param00047",
    "AI_parameter_id": null,
    "parameter_name": "Частота потребления",
    "object_id": "Obj00056",
    "indicator_id": null,
    "theme": "СМИ и информационная политика",
    "theme_weight": 5,
    "info_type": 2
  },
  {
    "id": 106,
    "parameter_id": "Param00048",
    "AI_parameter_id": null,
    "parameter_name": "Рейтинги",
    "object_id": "Obj00056",
    "indicator_id": null,
    "theme": "СМИ и информационная политика",
    "theme_weight": 5,
    "info_type": 2
  },
  {
    "id": 107,
    "parameter_id": "Param00049",
    "AI_parameter_id": null,
    "parameter_name": "Количество кампаний",
    "object_id": "Obj00057",
    "indicator_id": null,
    "theme": "СМИ и информационная политика",
    "theme_weight": 5,
    "info_type": 2
  },
  {
    "id": 108,
    "parameter_id": "Param00050",
    "AI_parameter_id": null,
    "parameter_name": "Количество тематик",
    "object_id": "Obj00057",
    "indicator_id": null,
    "theme": "СМИ и информационная политика",
    "theme_weight": 5,
    "info_type": 2
  },
  {
    "id": 109,
    "parameter_id": "Param00051",
    "AI_parameter_id": null,
    "parameter_name": "Позитивность восприятия",
    "object_id": "Obj00057",
    "indicator_id": null,
    "theme": "СМИ и информационная политика",
    "theme_weight": 5,
    "info_type": 2
  },
  {
    "id": 110,
    "parameter_id": "Param00052",
    "AI_parameter_id": null,
    "parameter_name": "Соответствие стандартам",
    "object_id": "Obj00058",
    "indicator_id": null,
    "theme": "СМИ и информационная политика",
    "theme_weight": 5,
    "info_type": 2
  },
  {
    "id": 111,
    "parameter_id": "Param00053",
    "AI_parameter_id": null,
    "parameter_name": "Выполнение, соответствие бюджету",
    "object_id": "Obj00059",
    "indicator_id": null,
    "theme": "СМИ и информационная политика",
    "theme_weight": 5,
    "info_type": 2
  },
  {
    "id": 112,
    "parameter_id": "Param00054",
    "AI_parameter_id": null,
    "parameter_name": "Охват аудитории",
    "object_id": "Obj00060",
    "indicator_id": null,
    "theme": "Социальная защита и поддержка",
    "theme_weight": 4,
    "info_type": 2
  },
  {
    "id": 113,
    "parameter_id": "Param00055",
    "AI_parameter_id": null,
    "parameter_name": "Количество откликов",
    "object_id": "Obj00060",
    "indicator_id": null,
    "theme": "Социальная защита и поддержка",
    "theme_weight": 4,
    "info_type": 2
  },
  {
    "id": 114,
    "parameter_id": "Param00056",
    "AI_parameter_id": null,
    "parameter_name": "Вовлеченность",
    "object_id": "Obj00060",
    "indicator_id": null,
    "theme": "Социальная защита и поддержка",
    "theme_weight": 4,
    "info_type": 2
  },
  {
    "id": 115,
    "parameter_id": "Param00054",
    "AI_parameter_id": null,
    "parameter_name": "Охват аудитории",
    "object_id": "Obj00060",
    "indicator_id": null,
    "theme": "СМИ и информационная политика",
    "theme_weight": 4,
    "info_type": 2
  },
  {
    "id": 116,
    "parameter_id": "Param00055",
    "AI_parameter_id": null,
    "parameter_name": "Количество откликов",
    "object_id": "Obj00060",
    "indicator_id": null,
    "theme": "СМИ и информационная политика",
    "theme_weight": 4,
    "info_type": 2
  },
  {
    "id": 117,
    "parameter_id": "Param00056",
    "AI_parameter_id": null,
    "parameter_name": "Вовлеченность",
    "object_id": "Obj00060",
    "indicator_id": null,
    "theme": "СМИ и информационная политика",
    "theme_weight": 4,
    "info_type": 2
  },
  {
    "id": 118,
    "parameter_id": "Param00057",
    "AI_parameter_id": null,
    "parameter_name": "Количество благополучателей, изменение поведения аудитории",
    "object_id": "Obj00061",
    "indicator_id": null,
    "theme": "СМИ и информационная политика",
    "theme_weight": 5,
    "info_type": 2
  },
  {
    "id": 119,
    "parameter_id": "Param00058",
    "AI_parameter_id": null,
    "parameter_name": "Частота обновлений",
    "object_id": "Obj00062",
    "indicator_id": null,
    "theme": "Цифровизация",
    "theme_weight": 4,
    "info_type": 2
  },
  {
    "id": 120,
    "parameter_id": "Param00059",
    "AI_parameter_id": null,
    "parameter_name": "Время загрузки",
    "object_id": "Obj00062",
    "indicator_id": null,
    "theme": "Цифровизация",
    "theme_weight": 4,
    "info_type": 2
  },
  {
    "id": 121,
    "parameter_id": "Param00060",
    "AI_parameter_id": null,
    "parameter_name": "Доступность контента",
    "object_id": "Obj00062",
    "indicator_id": null,
    "theme": "Цифровизация",
    "theme_weight": 4,
    "info_type": 2
  },
  {
    "id": 122,
    "parameter_id": "Param00061",
    "AI_parameter_id": null,
    "parameter_name": "Время бесперебойной работы",
    "object_id": "Obj00063",
    "indicator_id": null,
    "theme": "Цифровизация",
    "theme_weight": 4,
    "info_type": 2
  },
  {
    "id": 123,
    "parameter_id": "Param00062",
    "AI_parameter_id": null,
    "parameter_name": "Скорость доступа",
    "object_id": "Obj00063",
    "indicator_id": null,
    "theme": "Цифровизация",
    "theme_weight": 4,
    "info_type": 2
  },
  {
    "id": 124,
    "parameter_id": "Param00063",
    "AI_parameter_id": null,
    "parameter_name": "Количество сбоев",
    "object_id": "Obj00063",
    "indicator_id": null,
    "theme": "Цифровизация",
    "theme_weight": 4,
    "info_type": 2
  },
  {
    "id": 125,
    "parameter_id": "Param00064",
    "AI_parameter_id": null,
    "parameter_name": "Финансовые потери",
    "object_id": "Obj00064",
    "indicator_id": null,
    "theme": "Контроль и надзор",
    "theme_weight": 4,
    "info_type": 2
  },
  {
    "id": 126,
    "parameter_id": "Param00065",
    "AI_parameter_id": null,
    "parameter_name": "Количество очищенных объектов",
    "object_id": "Obj00065",
    "indicator_id": null,
    "theme": "Архитектура и историческое наследие",
    "theme_weight": 3,
    "info_type": 2
  },
  {
    "id": 127,
    "parameter_id": "Param00066",
    "AI_parameter_id": null,
    "parameter_name": "Площадь очищенных объектов",
    "object_id": "Obj00065",
    "indicator_id": null,
    "theme": "Архитектура и историческое наследие",
    "theme_weight": 3,
    "info_type": 2
  },
  {
    "id": 128,
    "parameter_id": "Param00065",
    "AI_parameter_id": null,
    "parameter_name": "Количество очищенных объектов",
    "object_id": "Obj00065",
    "indicator_id": null,
    "theme": "Благоустройство",
    "theme_weight": 3,
    "info_type": 2
  },
  {
    "id": 129,
    "parameter_id": "Param00066",
    "AI_parameter_id": null,
    "parameter_name": "Площадь очищенных объектов",
    "object_id": "Obj00065",
    "indicator_id": null,
    "theme": "Благоустройство",
    "theme_weight": 3,
    "info_type": 2
  },
  {
    "id": 130,
    "parameter_id": "Param00067",
    "AI_parameter_id": null,
    "parameter_name": "Эффективность использования средств",
    "object_id": "Obj00066",
    "indicator_id": null,
    "theme": "Финансовое управление",
    "theme_weight": 5,
    "info_type": 2
  },
  {
    "id": 131,
    "parameter_id": "Param00068",
    "AI_parameter_id": null,
    "parameter_name": "Соотношение затрат и результатов",
    "object_id": "Obj00067",
    "indicator_id": null,
    "theme": "Государственные закупки и контракты",
    "theme_weight": 5,
    "info_type": 2
  },
  {
    "id": 132,
    "parameter_id": "Param00069",
    "AI_parameter_id": null,
    "parameter_name": "Время на этапы согласования",
    "object_id": "Obj00068",
    "indicator_id": null,
    "theme": "Правовое регулирование",
    "theme_weight": 3,
    "info_type": 2
  },
  {
    "id": 133,
    "parameter_id": "Param00070",
    "AI_parameter_id": null,
    "parameter_name": "Количество инстанций",
    "object_id": "Obj00068",
    "indicator_id": null,
    "theme": "Правовое регулирование",
    "theme_weight": 3,
    "info_type": 2
  },
  {
    "id": 134,
    "parameter_id": "Param00071",
    "AI_parameter_id": null,
    "parameter_name": "Уровень автоматизации",
    "object_id": "Obj00069",
    "indicator_id": null,
    "theme": "Государственное управление",
    "theme_weight": 3,
    "info_type": 2
  },
  {
    "id": 135,
    "parameter_id": "Param00072",
    "AI_parameter_id": null,
    "parameter_name": "Сокращение ручного труда",
    "object_id": "Obj00069",
    "indicator_id": null,
    "theme": "Государственное управление",
    "theme_weight": 3,
    "info_type": 2
  },
  {
    "id": 136,
    "parameter_id": "Param00073",
    "AI_parameter_id": null,
    "parameter_name": "Скорость обработки данных",
    "object_id": "Obj00069",
    "indicator_id": null,
    "theme": "Государственное управление",
    "theme_weight": 3,
    "info_type": 2
  },
  {
    "id": 137,
    "parameter_id": "Param00071",
    "AI_parameter_id": null,
    "parameter_name": "Уровень автоматизации",
    "object_id": "Obj00069",
    "indicator_id": null,
    "theme": "Цифровизация",
    "theme_weight": 4,
    "info_type": 2
  },
  {
    "id": 138,
    "parameter_id": "Param00072",
    "AI_parameter_id": null,
    "parameter_name": "Сокращение ручного труда",
    "object_id": "Obj00069",
    "indicator_id": null,
    "theme": "Цифровизация",
    "theme_weight": 4,
    "info_type": 2
  },
  {
    "id": 139,
    "parameter_id": "Param00073",
    "AI_parameter_id": null,
    "parameter_name": "Скорость обработки данных",
    "object_id": "Obj00069",
    "indicator_id": null,
    "theme": "Цифровизация",
    "theme_weight": 4,
    "info_type": 2
  },
  {
    "id": 140,
    "parameter_id": "Param00074",
    "AI_parameter_id": null,
    "parameter_name": "Уровень доверия",
    "object_id": "Obj00070",
    "indicator_id": null,
    "theme": "Взаимодействие с гражданами",
    "theme_weight": 4,
    "info_type": 2
  },
  {
    "id": 141,
    "parameter_id": "Param00074",
    "AI_parameter_id": null,
    "parameter_name": "Уровень доверия",
    "object_id": "Obj00070",
    "indicator_id": null,
    "theme": "СМИ и информационная политика",
    "theme_weight": 5,
    "info_type": 2
  },
  {
    "id": 142,
    "parameter_id": "Param00075",
    "AI_parameter_id": null,
    "parameter_name": "Индекс узнаваемости",
    "object_id": "Obj00071",
    "indicator_id": null,
    "theme": "Государственное управление",
    "theme_weight": 4,
    "info_type": 2
  },
  {
    "id": 143,
    "parameter_id": "Param00075",
    "AI_parameter_id": null,
    "parameter_name": "Индекс узнаваемости",
    "object_id": "Obj00071",
    "indicator_id": null,
    "theme": "Туризм",
    "theme_weight": 4,
    "info_type": 2
  },
  {
    "id": 144,
    "parameter_id": "Param00076",
    "AI_parameter_id": null,
    "parameter_name": "Процент позитивных отзывов",
    "object_id": "Obj00072",
    "indicator_id": null,
    "theme": "Взаимодействие с гражданами",
    "theme_weight": 5,
    "info_type": 2
  },
  {
    "id": 145,
    "parameter_id": "Param00077",
    "AI_parameter_id": null,
    "parameter_name": "Количество жалоб",
    "object_id": "Obj00073",
    "indicator_id": null,
    "theme": "Взаимодействие с гражданами",
    "theme_weight": 5,
    "info_type": 2
  },
  {
    "id": 146,
    "parameter_id": "Param00078",
    "AI_parameter_id": null,
    "parameter_name": "Количество предложений",
    "object_id": "Obj00073",
    "indicator_id": null,
    "theme": "Взаимодействие с гражданами",
    "theme_weight": 5,
    "info_type": 2
  },
  {
    "id": 147,
    "parameter_id": "Param00079",
    "AI_parameter_id": null,
    "parameter_name": "Скорость реагирования",
    "object_id": "Obj00073",
    "indicator_id": null,
    "theme": "Взаимодействие с гражданами",
    "theme_weight": 5,
    "info_type": 2
  }
]