[
  {
    "id": "str001",
    "oiv_id": "OIV001",
    "name": "В разработке"
  },
  {
    "id": "str002",
    "oiv_id": "OIV002",
    "name": "В разработке"
  },
  {
    "id": "str003",
    "oiv_id": "OIV003",
    "name": "В разработке"
  },
  {
    "id": "str004",
    "oiv_id": "OIV004",
    "name": "В разработке"
  },
  {
    "id": "str005",
    "oiv_id": "OIV005",
    "name": "В разработке"
  },
  {
    "id": "str006",
    "oiv_id": "OIV006",
    "name": "В разработке"
  },
  {
    "id": "str007",
    "oiv_id": "OIV007",
    "name": "В разработке"
  },
  {
    "id": "str008",
    "oiv_id": "OIV008",
    "name": "В разработке"
  },
  {
    "id": "str009",
    "oiv_id": "OIV009",
    "name": "В разработке"
  },
  {
    "id": "str010",
    "oiv_id": "OIV010",
    "name": "В разработке"
  },
  {
    "id": "str011",
    "oiv_id": "OIV011",
    "name": "В разработке"
  },
  {
    "id": "str012",
    "oiv_id": "OIV012",
    "name": "В разработке"
  },
  {
    "id": "str013",
    "oiv_id": "OIV013",
    "name": "В разработке"
  },
  {
    "id": "str014",
    "oiv_id": "OIV014",
    "name": "В разработке"
  },
  {
    "id": "str015",
    "oiv_id": "OIV015",
    "name": "В разработке"
  },
  {
    "id": "str016",
    "oiv_id": "OIV016",
    "name": "Развитие противопожарной службы"
  },
  {
    "id": "str017",
    "oiv_id": "OIV017",
    "name": "В разработке"
  },
  {
    "id": "str018",
    "oiv_id": "OIV018",
    "name": "В разработке"
  },
  {
    "id": "str019",
    "oiv_id": "OIV019",
    "name": "В разработке"
  },
  {
    "id": "str020",
    "oiv_id": "OIV020",
    "name": "В разработке"
  },
  {
    "id": "str021",
    "oiv_id": "OIV021",
    "name": "В разработке"
  },
  {
    "id": "str022",
    "oiv_id": "OIV022",
    "name": "В разработке"
  },
  {
    "id": "str023",
    "oiv_id": "OIV023",
    "name": "В разработке"
  },
  {
    "id": "str024",
    "oiv_id": "OIV024",
    "name": "Развитие московскиих СМИ и наружной рекламы на период до 2030 года"
  },
  {
    "id": "str025",
    "oiv_id": "OIV025",
    "name": "В разработке"
  },
  {
    "id": "str026",
    "oiv_id": "OIV026",
    "name": "В разработке"
  },
  {
    "id": "str027",
    "oiv_id": "OIV027",
    "name": "В разработке"
  },
  {
    "id": "str028",
    "oiv_id": "OIV028",
    "name": "В разработке"
  },
  {
    "id": "str029",
    "oiv_id": "OIV029",
    "name": "В разработке"
  },
  {
    "id": "str030",
    "oiv_id": "OIV030",
    "name": "В разработке"
  },
  {
    "id": "str031",
    "oiv_id": "OIV031",
    "name": "В разработке"
  },
  {
    "id": "str032",
    "oiv_id": "OIV032",
    "name": "В разработке"
  },
  {
    "id": "str033",
    "oiv_id": "OIV033",
    "name": "В разработке"
  },
  {
    "id": "str034",
    "oiv_id": "OIV034",
    "name": "В разработке"
  },
  {
    "id": "str035",
    "oiv_id": "OIV035",
    "name": "В разработке"
  },
  {
    "id": "str036",
    "oiv_id": "OIV036",
    "name": "В разработке"
  },
  {
    "id": "str037",
    "oiv_id": "OIV037",
    "name": "В разработке"
  },
  {
    "id": "str038",
    "oiv_id": "OIV038",
    "name": "В разработке"
  },
  {
    "id": "str039",
    "oiv_id": "OIV039",
    "name": "В разработке"
  },
  {
    "id": "str040",
    "oiv_id": "OIV040",
    "name": "В разработке"
  },
  {
    "id": "str041",
    "oiv_id": "OIV041",
    "name": "В разработке"
  },
  {
    "id": "str042",
    "oiv_id": "OIV042",
    "name": "В разработке"
  },
  {
    "id": "str043",
    "oiv_id": "OIV043",
    "name": "В разработке"
  },
  {
    "id": "str044",
    "oiv_id": "OIV044",
    "name": "В разработке"
  },
  {
    "id": "str045",
    "oiv_id": "OIV045",
    "name": "В разработке"
  },
  {
    "id": "str046",
    "oiv_id": "OIV046",
    "name": "В разработке"
  },
  {
    "id": "str047",
    "oiv_id": "OIV047",
    "name": "В разработке"
  },
  {
    "id": "str048",
    "oiv_id": "OIV048",
    "name": "В разработке"
  },
  {
    "id": "str049",
    "oiv_id": "OIV049",
    "name": "В разработке"
  },
  {
    "id": "str050",
    "oiv_id": "OIV050",
    "name": "В разработке"
  },
  {
    "id": "str051",
    "oiv_id": "OIV051",
    "name": "В разработке"
  },
  {
    "id": "str052",
    "oiv_id": "OIV052",
    "name": "В разработке"
  },
  {
    "id": "str053",
    "oiv_id": "OIV053",
    "name": "В разработке"
  },
  {
    "id": "str054",
    "oiv_id": "OIV054",
    "name": "В разработке"
  },
  {
    "id": "str055",
    "oiv_id": "OIV055",
    "name": "В разработке"
  }
]